CustomerID,ProductID,Week,DemandQty
C001,SKU01,1,216
C001,SKU01,2,198
C001,SKU01,3,174
C001,SKU01,4,144
C001,SKU01,5,138
C001,SKU01,6,132
C001,SKU01,7,168
C001,SKU01,8,174
C001,SKU01,9,192
C001,SKU01,10,180
C001,SKU02,1,216
C001,SKU02,2,210
C001,SKU02,3,216
C001,SKU02,4,216
C001,SKU02,5,210
C001,SKU02,6,204
C001,SKU02,7,180
C001,SKU02,8,168
C001,SKU02,9,180
C001,SKU02,10,174
C001,SKU03,1,186
C001,SKU03,2,180
C001,SKU03,3,174
C001,SKU03,4,144
C001,SKU03,5,144
C001,SKU03,6,144
C001,SKU03,7,138
C001,SKU03,8,168
C001,SKU03,9,168
C001,SKU03,10,174
C001,SKU04,1,222
C001,SKU04,2,198
C001,SKU04,3,168
C001,SKU04,4,162
C001,SKU04,5,192
C001,SKU04,6,198
C001,SKU04,7,204
C001,SKU04,8,228
C001,SKU04,9,210
C001,SKU04,10,240
C001,SKU05,1,168
C001,SKU05,2,144
C001,SKU05,3,144
C001,SKU05,4,144
C001,SKU05,5,144
C001,SKU05,6,180
C001,SKU05,7,192
C001,SKU05,8,204
C001,SKU05,9,204
C001,SKU05,10,186
C001,SKU06,1,168
C001,SKU06,2,186
C001,SKU06,3,198
C001,SKU06,4,222
C001,SKU06,5,222
C001,SKU06,6,210
C001,SKU06,7,216
C001,SKU06,8,180
C001,SKU06,9,162
C001,SKU06,10,174
C001,SKU07,1,90
C001,SKU07,2,72
C001,SKU07,3,84
C001,SKU07,4,78
C001,SKU07,5,72
C001,SKU07,6,78
C001,SKU07,7,102
C001,SKU07,8,102
C001,SKU07,9,102
C001,SKU07,10,102
C001,SKU08,1,90
C001,SKU08,2,78
C001,SKU08,3,84
C001,SKU08,4,72
C001,SKU08,5,72
C001,SKU08,6,72
C001,SKU08,7,84
C001,SKU08,8,90
C001,SKU08,9,102
C001,SKU08,10,102
C001,SKU09,1,120
C001,SKU09,2,114
C001,SKU09,3,132
C001,SKU09,4,126
C001,SKU09,5,108
C001,SKU09,6,102
C001,SKU09,7,90
C001,SKU09,8,96
C001,SKU09,9,96
C001,SKU09,10,96
C001,SKU10,1,72
C001,SKU10,2,78
C001,SKU10,3,72
C001,SKU10,4,78
C001,SKU10,5,90
C001,SKU10,6,90
C001,SKU10,7,96
C001,SKU10,8,102
C001,SKU10,9,90
C001,SKU10,10,78
C001,SKU11,1,72
C001,SKU11,2,90
C001,SKU11,3,96
C001,SKU11,4,102
C001,SKU11,5,114
C001,SKU11,6,108
C001,SKU11,7,90
C001,SKU11,8,96
C001,SKU11,9,84
C001,SKU11,10,84
C001,SKU12,1,90
C001,SKU12,2,90
C001,SKU12,3,102
C001,SKU12,4,114
C001,SKU12,5,132
C001,SKU12,6,132
C001,SKU12,7,108
C001,SKU12,8,108
C001,SKU12,9,96
C001,SKU12,10,90
C001,SKU13,1,78
C001,SKU13,2,78
C001,SKU13,3,72
C001,SKU13,4,78
C001,SKU13,5,90
C001,SKU13,6,90
C001,SKU13,7,108
C001,SKU13,8,108
C001,SKU13,9,90
C001,SKU13,10,84
C001,SKU14,1,96
C001,SKU14,2,96
C001,SKU14,3,108
C001,SKU14,4,102
C001,SKU14,5,84
C001,SKU14,6,78
C001,SKU14,7,84
C001,SKU14,8,72
C001,SKU14,9,78
C001,SKU14,10,90
C001,SKU15,1,54
C001,SKU15,2,54
C001,SKU15,3,48
C001,SKU15,4,48
C001,SKU15,5,54
C001,SKU15,6,54
C001,SKU15,7,60
C001,SKU15,8,66
C001,SKU15,9,66
C001,SKU15,10,54
C001,SKU16,1,54
C001,SKU16,2,48
C001,SKU16,3,42
C001,SKU16,4,48
C001,SKU16,5,48
C001,SKU16,6,48
C001,SKU16,7,60
C001,SKU16,8,60
C001,SKU16,9,60
C001,SKU16,10,54
C001,SKU17,1,48
C001,SKU17,2,48
C001,SKU17,3,42
C001,SKU17,4,48
C001,SKU17,5,48
C001,SKU17,6,60
C001,SKU17,7,66
C001,SKU17,8,54
C001,SKU17,9,60
C001,SKU17,10,54
C001,SKU18,1,54
C001,SKU18,2,48
C001,SKU18,3,42
C001,SKU18,4,48
C001,SKU18,5,48
C001,SKU18,6,48
C001,SKU18,7,48
C001,SKU18,8,54
C001,SKU18,9,60
C001,SKU18,10,60
C001,SKU19,1,60
C001,SKU19,2,60
C001,SKU19,3,54
C001,SKU19,4,60
C001,SKU19,5,66
C001,SKU19,6,54
C001,SKU19,7,42
C001,SKU19,8,42
C001,SKU19,9,48
C001,SKU19,10,42
C001,SKU20,1,42
C001,SKU20,2,48
C001,SKU20,3,54
C001,SKU20,4,48
C001,SKU20,5,48
C001,SKU20,6,42
C001,SKU20,7,36
C001,SKU20,8,42
C001,SKU20,9,36
C001,SKU20,10,42
C002,SKU01,1,162
C002,SKU01,2,138
C002,SKU01,3,132
C002,SKU01,4,120
C002,SKU01,5,114
C002,SKU01,6,132
C002,SKU01,7,126
C002,SKU01,8,150
C002,SKU01,9,156
C002,SKU01,10,168
C002,SKU02,1,132
C002,SKU02,2,144
C002,SKU02,3,144
C002,SKU02,4,156
C002,SKU02,5,138
C002,SKU02,6,120
C002,SKU02,7,126
C002,SKU02,8,108
C002,SKU02,9,126
C002,SKU02,10,132
C002,SKU03,1,168
C002,SKU03,2,144
C002,SKU03,3,162
C002,SKU03,4,132
C002,SKU03,5,138
C002,SKU03,6,138
C002,SKU03,7,144
C002,SKU03,8,144
C002,SKU03,9,156
C002,SKU03,10,180
C002,SKU04,1,114
C002,SKU04,2,114
C002,SKU04,3,114
C002,SKU04,4,114
C002,SKU04,5,114
C002,SKU04,6,114
C002,SKU04,7,138
C002,SKU04,8,156
C002,SKU04,9,132
C002,SKU04,10,138
C002,SKU05,1,156
C002,SKU05,2,138
C002,SKU05,3,132
C002,SKU05,4,120
C002,SKU05,5,126
C002,SKU05,6,156
C002,SKU05,7,168
C002,SKU05,8,180
C002,SKU05,9,180
C002,SKU05,10,162
C002,SKU06,1,126
C002,SKU06,2,138
C002,SKU06,3,150
C002,SKU06,4,162
C002,SKU06,5,162
C002,SKU06,6,138
C002,SKU06,7,126
C002,SKU06,8,108
C002,SKU06,9,114
C002,SKU06,10,102
C002,SKU07,1,72
C002,SKU07,2,60
C002,SKU07,3,60
C002,SKU07,4,54
C002,SKU07,5,60
C002,SKU07,6,78
C002,SKU07,7,78
C002,SKU07,8,78
C002,SKU07,9,84
C002,SKU07,10,84
C002,SKU08,1,72
C002,SKU08,2,60
C002,SKU08,3,54
C002,SKU08,4,54
C002,SKU08,5,54
C002,SKU08,6,60
C002,SKU08,7,66
C002,SKU08,8,78
C002,SKU08,9,78
C002,SKU08,10,72
C002,SKU09,1,84
C002,SKU09,2,90
C002,SKU09,3,84
C002,SKU09,4,78
C002,SKU09,5,84
C002,SKU09,6,78
C002,SKU09,7,72
C002,SKU09,8,66
C002,SKU09,9,66
C002,SKU09,10,72
C002,SKU10,1,60
C002,SKU10,2,60
C002,SKU10,3,60
C002,SKU10,4,60
C002,SKU10,5,72
C002,SKU10,6,78
C002,SKU10,7,78
C002,SKU10,8,78
C002,SKU10,9,72
C002,SKU10,10,66
C002,SKU11,1,60
C002,SKU11,2,54
C002,SKU11,3,66
C002,SKU11,4,66
C002,SKU11,5,72
C002,SKU11,6,84
C002,SKU11,7,78
C002,SKU11,8,66
C002,SKU11,9,60
C002,SKU11,10,60
C002,SKU12,1,60
C002,SKU12,2,66
C002,SKU12,3,72
C002,SKU12,4,78
C002,SKU12,5,84
C002,SKU12,6,72
C002,SKU12,7,78
C002,SKU12,8,72
C002,SKU12,9,66
C002,SKU12,10,66
C002,SKU13,1,66
C002,SKU13,2,60
C002,SKU13,3,66
C002,SKU13,4,60
C002,SKU13,5,78
C002,SKU13,6,90
C002,SKU13,7,90
C002,SKU13,8,84
C002,SKU13,9,84
C002,SKU13,10,72
C002,SKU14,1,84
C002,SKU14,2,84
C002,SKU14,3,90
C002,SKU14,4,84
C002,SKU14,5,66
C002,SKU14,6,60
C002,SKU14,7,60
C002,SKU14,8,54
C002,SKU14,9,60
C002,SKU14,10,78
C002,SKU15,1,30
C002,SKU15,2,30
C002,SKU15,3,24
C002,SKU15,4,30
C002,SKU15,5,30
C002,SKU15,6,30
C002,SKU15,7,36
C002,SKU15,8,36
C002,SKU15,9,36
C002,SKU15,10,36
C002,SKU16,1,36
C002,SKU16,2,36
C002,SKU16,3,36
C002,SKU16,4,36
C002,SKU16,5,42
C002,SKU16,6,36
C002,SKU16,7,42
C002,SKU16,8,48
C002,SKU16,9,42
C002,SKU16,10,48
C002,SKU17,1,36
C002,SKU17,2,36
C002,SKU17,3,36
C002,SKU17,4,36
C002,SKU17,5,42
C002,SKU17,6,42
C002,SKU17,7,48
C002,SKU17,8,42
C002,SKU17,9,48
C002,SKU17,10,36
C002,SKU18,1,36
C002,SKU18,2,30
C002,SKU18,3,24
C002,SKU18,4,30
C002,SKU18,5,30
C002,SKU18,6,30
C002,SKU18,7,30
C002,SKU18,8,36
C002,SKU18,9,36
C002,SKU18,10,36
C002,SKU19,1,42
C002,SKU19,2,42
C002,SKU19,3,48
C002,SKU19,4,42
C002,SKU19,5,42
C002,SKU19,6,36
C002,SKU19,7,36
C002,SKU19,8,30
C002,SKU19,9,36
C002,SKU19,10,36
C002,SKU20,1,30
C002,SKU20,2,36
C002,SKU20,3,36
C002,SKU20,4,36
C002,SKU20,5,30
C002,SKU20,6,36
C002,SKU20,7,24
C002,SKU20,8,30
C002,SKU20,9,30
C002,SKU20,10,24
C003,SKU01,1,144
C003,SKU01,2,120
C003,SKU01,3,114
C003,SKU01,4,114
C003,SKU01,5,108
C003,SKU01,6,108
C003,SKU01,7,108
C003,SKU01,8,114
C003,SKU01,9,114
C003,SKU01,10,138
C003,SKU02,1,132
C003,SKU02,2,156
C003,SKU02,3,144
C003,SKU02,4,156
C003,SKU02,5,132
C003,SKU02,6,132
C003,SKU02,7,114
C003,SKU02,8,108
C003,SKU02,9,108
C003,SKU02,10,126
C003,SKU03,1,162
C003,SKU03,2,168
C003,SKU03,3,138
C003,SKU03,4,126
C003,SKU03,5,132
C003,SKU03,6,114
C003,SKU03,7,144
C003,SKU03,8,126
C003,SKU03,9,168
C003,SKU03,10,150
C003,SKU04,1,150
C003,SKU04,2,150
C003,SKU04,3,114
C003,SKU04,4,126
C003,SKU04,5,150
C003,SKU04,6,150
C003,SKU04,7,162
C003,SKU04,8,174
C003,SKU04,9,168
C003,SKU04,10,162
C003,SKU05,1,144
C003,SKU05,2,114
C003,SKU05,3,108
C003,SKU05,4,126
C003,SKU05,5,132
C003,SKU05,6,132
C003,SKU05,7,150
C003,SKU05,8,150
C003,SKU05,9,144
C003,SKU05,10,144
C003,SKU06,1,114
C003,SKU06,2,114
C003,SKU06,3,150
C003,SKU06,4,156
C003,SKU06,5,150
C003,SKU06,6,138
C003,SKU06,7,120
C003,SKU06,8,120
C003,SKU06,9,114
C003,SKU06,10,102
C003,SKU07,1,84
C003,SKU07,2,78
C003,SKU07,3,72
C003,SKU07,4,72
C003,SKU07,5,72
C003,SKU07,6,90
C003,SKU07,7,96
C003,SKU07,8,84
C003,SKU07,9,84
C003,SKU07,10,84
C003,SKU08,1,96
C003,SKU08,2,72
C003,SKU08,3,72
C003,SKU08,4,66
C003,SKU08,5,72
C003,SKU08,6,78
C003,SKU08,7,84
C003,SKU08,8,84
C003,SKU08,9,90
C003,SKU08,10,84
C003,SKU09,1,72
C003,SKU09,2,78
C003,SKU09,3,78
C003,SKU09,4,72
C003,SKU09,5,66
C003,SKU09,6,60
C003,SKU09,7,60
C003,SKU09,8,60
C003,SKU09,9,54
C003,SKU09,10,60
C003,SKU10,1,66
C003,SKU10,2,54
C003,SKU10,3,54
C003,SKU10,4,60
C003,SKU10,5,66
C003,SKU10,6,66
C003,SKU10,7,66
C003,SKU10,8,78
C003,SKU10,9,72
C003,SKU10,10,66
C003,SKU11,1,66
C003,SKU11,2,66
C003,SKU11,3,72
C003,SKU11,4,84
C003,SKU11,5,84
C003,SKU11,6,78
C003,SKU11,7,72
C003,SKU11,8,78
C003,SKU11,9,66
C003,SKU11,10,66
C003,SKU12,1,54
C003,SKU12,2,54
C003,SKU12,3,66
C003,SKU12,4,72
C003,SKU12,5,72
C003,SKU12,6,72
C003,SKU12,7,78
C003,SKU12,8,66
C003,SKU12,9,60
C003,SKU12,10,60
C003,SKU13,1,66
C003,SKU13,2,66
C003,SKU13,3,66
C003,SKU13,4,60
C003,SKU13,5,78
C003,SKU13,6,78
C003,SKU13,7,78
C003,SKU13,8,78
C003,SKU13,9,84
C003,SKU13,10,72
C003,SKU14,1,78
C003,SKU14,2,72
C003,SKU14,3,72
C003,SKU14,4,66
C003,SKU14,5,66
C003,SKU14,6,60
C003,SKU14,7,54
C003,SKU14,8,60
C003,SKU14,9,60
C003,SKU14,10,66
C003,SKU15,1,42
C003,SKU15,2,36
C003,SKU15,3,30
C003,SKU15,4,30
C003,SKU15,5,36
C003,SKU15,6,36
C003,SKU15,7,42
C003,SKU15,8,42
C003,SKU15,9,42
C003,SKU15,10,42
C003,SKU16,1,36
C003,SKU16,2,30
C003,SKU16,3,30
C003,SKU16,4,30
C003,SKU16,5,30
C003,SKU16,6,36
C003,SKU16,7,42
C003,SKU16,8,36
C003,SKU16,9,42
C003,SKU16,10,42
C003,SKU17,1,30
C003,SKU17,2,30
C003,SKU17,3,30
C003,SKU17,4,24
C003,SKU17,5,30
C003,SKU17,6,36
C003,SKU17,7,36
C003,SKU17,8,36
C003,SKU17,9,36
C003,SKU17,10,30
C003,SKU18,1,36
C003,SKU18,2,36
C003,SKU18,3,36
C003,SKU18,4,36
C003,SKU18,5,36
C003,SKU18,6,36
C003,SKU18,7,36
C003,SKU18,8,42
C003,SKU18,9,42
C003,SKU18,10,42
C003,SKU19,1,30
C003,SKU19,2,30
C003,SKU19,3,36
C003,SKU19,4,36
C003,SKU19,5,36
C003,SKU19,6,30
C003,SKU19,7,30
C003,SKU19,8,30
C003,SKU19,9,30
C003,SKU19,10,30
C003,SKU20,1,36
C003,SKU20,2,42
C003,SKU20,3,42
C003,SKU20,4,42
C003,SKU20,5,36
C003,SKU20,6,36
C003,SKU20,7,30
C003,SKU20,8,30
C003,SKU20,9,30
C003,SKU20,10,36
C004,SKU01,1,156
C004,SKU01,2,138
C004,SKU01,3,120
C004,SKU01,4,108
C004,SKU01,5,102
C004,SKU01,6,102
C004,SKU01,7,108
C004,SKU01,8,120
C004,SKU01,9,132
C004,SKU01,10,132
C004,SKU02,1,138
C004,SKU02,2,162
C004,SKU02,3,168
C004,SKU02,4,186
C004,SKU02,5,150
C004,SKU02,6,144
C004,SKU02,7,150
C004,SKU02,8,138
C004,SKU02,9,132
C004,SKU02,10,126
C004,SKU03,1,138
C004,SKU03,2,138
C004,SKU03,3,120
C004,SKU03,4,108
C004,SKU03,5,96
C004,SKU03,6,108
C004,SKU03,7,102
C004,SKU03,8,114
C004,SKU03,9,126
C004,SKU03,10,138
C004,SKU04,1,114
C004,SKU04,2,114
C004,SKU04,3,102
C004,SKU04,4,108
C004,SKU04,5,102
C004,SKU04,6,120
C004,SKU04,7,132
C004,SKU04,8,126
C004,SKU04,9,132
C004,SKU04,10,120
C004,SKU05,1,126
C004,SKU05,2,102
C004,SKU05,3,102
C004,SKU05,4,96
C004,SKU05,5,108
C004,SKU05,6,120
C004,SKU05,7,126
C004,SKU05,8,132
C004,SKU05,9,126
C004,SKU05,10,120
C004,SKU06,1,144
C004,SKU06,2,162
C004,SKU06,3,150
C004,SKU06,4,180
C004,SKU06,5,186
C004,SKU06,6,150
C004,SKU06,7,138
C004,SKU06,8,144
C004,SKU06,9,132
C004,SKU06,10,138
C004,SKU07,1,66
C004,SKU07,2,54
C004,SKU07,3,54
C004,SKU07,4,54
C004,SKU07,5,60
C004,SKU07,6,66
C004,SKU07,7,72
C004,SKU07,8,72
C004,SKU07,9,78
C004,SKU07,10,66
C004,SKU08,1,84
C004,SKU08,2,78
C004,SKU08,3,72
C004,SKU08,4,66
C004,SKU08,5,72
C004,SKU08,6,72
C004,SKU08,7,72
C004,SKU08,8,90
C004,SKU08,9,90
C004,SKU08,10,90
C004,SKU09,1,90
C004,SKU09,2,84
C004,SKU09,3,102
C004,SKU09,4,90
C004,SKU09,5,78
C004,SKU09,6,66
C004,SKU09,7,72
C004,SKU09,8,72
C004,SKU09,9,72
C004,SKU09,10,90
C004,SKU10,1,66
C004,SKU10,2,66
C004,SKU10,3,66
C004,SKU10,4,72
C004,SKU10,5,72
C004,SKU10,6,84
C004,SKU10,7,96
C004,SKU10,8,96
C004,SKU10,9,84
C004,SKU10,10,84
C004,SKU11,1,60
C004,SKU11,2,54
C004,SKU11,3,60
C004,SKU11,4,72
C004,SKU11,5,66
C004,SKU11,6,66
C004,SKU11,7,72
C004,SKU11,8,66
C004,SKU11,9,60
C004,SKU11,10,54
C004,SKU12,1,60
C004,SKU12,2,66
C004,SKU12,3,66
C004,SKU12,4,84
C004,SKU12,5,84
C004,SKU12,6,84
C004,SKU12,7,78
C004,SKU12,8,78
C004,SKU12,9,60
C004,SKU12,10,66
C004,SKU13,1,66
C004,SKU13,2,54
C004,SKU13,3,66
C004,SKU13,4,72
C004,SKU13,5,72
C004,SKU13,6,84
C004,SKU13,7,90
C004,SKU13,8,84
C004,SKU13,9,72
C004,SKU13,10,72
C004,SKU14,1,78
C004,SKU14,2,90
C004,SKU14,3,90
C004,SKU14,4,90
C004,SKU14,5,72
C004,SKU14,6,60
C004,SKU14,7,72
C004,SKU14,8,66
C004,SKU14,9,60
C004,SKU14,10,78
C004,SKU15,1,42
C004,SKU15,2,36
C004,SKU15,3,36
C004,SKU15,4,30
C004,SKU15,5,36
C004,SKU15,6,42
C004,SKU15,7,42
C004,SKU15,8,42
C004,SKU15,9,42
C004,SKU15,10,42
C004,SKU16,1,42
C004,SKU16,2,36
C004,SKU16,3,36
C004,SKU16,4,36
C004,SKU16,5,36
C004,SKU16,6,42
C004,SKU16,7,42
C004,SKU16,8,42
C004,SKU16,9,48
C004,SKU16,10,42
C004,SKU17,1,36
C004,SKU17,2,36
C004,SKU17,3,36
C004,SKU17,4,36
C004,SKU17,5,42
C004,SKU17,6,42
C004,SKU17,7,48
C004,SKU17,8,42
C004,SKU17,9,42
C004,SKU17,10,36
C004,SKU18,1,48
C004,SKU18,2,42
C004,SKU18,3,36
C004,SKU18,4,36
C004,SKU18,5,36
C004,SKU18,6,42
C004,SKU18,7,36
C004,SKU18,8,42
C004,SKU18,9,42
C004,SKU18,10,48
C004,SKU19,1,36
C004,SKU19,2,42
C004,SKU19,3,42
C004,SKU19,4,42
C004,SKU19,5,42
C004,SKU19,6,36
C004,SKU19,7,36
C004,SKU19,8,30
C004,SKU19,9,30
C004,SKU19,10,36
C004,SKU20,1,42
C004,SKU20,2,42
C004,SKU20,3,48
C004,SKU20,4,48
C004,SKU20,5,42
C004,SKU20,6,36
C004,SKU20,7,36
C004,SKU20,8,36
C004,SKU20,9,30
C004,SKU20,10,36
C005,SKU01,1,192
C005,SKU01,2,162
C005,SKU01,3,150
C005,SKU01,4,156
C005,SKU01,5,132
C005,SKU01,6,144
C005,SKU01,7,144
C005,SKU01,8,150
C005,SKU01,9,168
C005,SKU01,10,198
C005,SKU02,1,210
C005,SKU02,2,210
C005,SKU02,3,234
C005,SKU02,4,210
C005,SKU02,5,204
C005,SKU02,6,210
C005,SKU02,7,162
C005,SKU02,8,156
C005,SKU02,9,162
C005,SKU02,10,162
C005,SKU03,1,186
C005,SKU03,2,174
C005,SKU03,3,174
C005,SKU03,4,156
C005,SKU03,5,132
C005,SKU03,6,132
C005,SKU03,7,144
C005,SKU03,8,162
C005,SKU03,9,168
C005,SKU03,10,186
C005,SKU04,1,174
C005,SKU04,2,156
C005,SKU04,3,144
C005,SKU04,4,162
C005,SKU04,5,168
C005,SKU04,6,162
C005,SKU04,7,204
C005,SKU04,8,198
C005,SKU04,9,216
C005,SKU04,10,198
C005,SKU05,1,156
C005,SKU05,2,150
C005,SKU05,3,150
C005,SKU05,4,156
C005,SKU05,5,150
C005,SKU05,6,162
C005,SKU05,7,204
C005,SKU05,8,216
C005,SKU05,9,198
C005,SKU05,10,180
C005,SKU06,1,138
C005,SKU06,2,180
C005,SKU06,3,168
C005,SKU06,4,192
C005,SKU06,5,180
C005,SKU06,6,180
C005,SKU06,7,174
C005,SKU06,8,162
C005,SKU06,9,132
C005,SKU06,10,126
C005,SKU07,1,96
C005,SKU07,2,84
C005,SKU07,3,78
C005,SKU07,4,78
C005,SKU07,5,84
C005,SKU07,6,78
C005,SKU07,7,102
C005,SKU07,8,96
C005,SKU07,9,96
C005,SKU07,10,96
C005,SKU08,1,84
C005,SKU08,2,90
C005,SKU08,3,72
C005,SKU08,4,72
C005,SKU08,5,66
C005,SKU08,6,72
C005,SKU08,7,78
C005,SKU08,8,90
C005,SKU08,9,102
C005,SKU08,10,90
C005,SKU09,1,108
C005,SKU09,2,114
C005,SKU09,3,126
C005,SKU09,4,114
C005,SKU09,5,96
C005,SKU09,6,84
C005,SKU09,7,78
C005,SKU09,8,84
C005,SKU09,9,84
C005,SKU09,10,102
C005,SKU10,1,90
C005,SKU10,2,90
C005,SKU10,3,78
C005,SKU10,4,84
C005,SKU10,5,102
C005,SKU10,6,108
C005,SKU10,7,120
C005,SKU10,8,114
C005,SKU10,9,102
C005,SKU10,10,108
C005,SKU11,1,96
C005,SKU11,2,90
C005,SKU11,3,108
C005,SKU11,4,114
C005,SKU11,5,114
C005,SKU11,6,132
C005,SKU11,7,108
C005,SKU11,8,114
C005,SKU11,9,96
C005,SKU11,10,84
C005,SKU12,1,90
C005,SKU12,2,96
C005,SKU12,3,102
C005,SKU12,4,108
C005,SKU12,5,114
C005,SKU12,6,120
C005,SKU12,7,102
C005,SKU12,8,96
C005,SKU12,9,84
C005,SKU12,10,90
C005,SKU13,1,90
C005,SKU13,2,96
C005,SKU13,3,102
C005,SKU13,4,96
C005,SKU13,5,114
C005,SKU13,6,132
C005,SKU13,7,114
C005,SKU13,8,132
C005,SKU13,9,114
C005,SKU13,10,120
C005,SKU14,1,132
C005,SKU14,2,126
C005,SKU14,3,138
C005,SKU14,4,132
C005,SKU14,5,108
C005,SKU14,6,108
C005,SKU14,7,84
C005,SKU14,8,96
C005,SKU14,9,96
C005,SKU14,10,102
C005,SKU15,1,42
C005,SKU15,2,36
C005,SKU15,3,36
C005,SKU15,4,36
C005,SKU15,5,36
C005,SKU15,6,42
C005,SKU15,7,48
C005,SKU15,8,48
C005,SKU15,9,48
C005,SKU15,10,48
C005,SKU16,1,48
C005,SKU16,2,42
C005,SKU16,3,48
C005,SKU16,4,36
C005,SKU16,5,48
C005,SKU16,6,48
C005,SKU16,7,60
C005,SKU16,8,60
C005,SKU16,9,66
C005,SKU16,10,54
C005,SKU17,1,48
C005,SKU17,2,42
C005,SKU17,3,48
C005,SKU17,4,54
C005,SKU17,5,60
C005,SKU17,6,60
C005,SKU17,7,60
C005,SKU17,8,60
C005,SKU17,9,60
C005,SKU17,10,48
C005,SKU18,1,48
C005,SKU18,2,42
C005,SKU18,3,36
C005,SKU18,4,36
C005,SKU18,5,36
C005,SKU18,6,36
C005,SKU18,7,48
C005,SKU18,8,48
C005,SKU18,9,48
C005,SKU18,10,48
C005,SKU19,1,48
C005,SKU19,2,54
C005,SKU19,3,48
C005,SKU19,4,48
C005,SKU19,5,54
C005,SKU19,6,48
C005,SKU19,7,42
C005,SKU19,8,42
C005,SKU19,9,36
C005,SKU19,10,42
C005,SKU20,1,48
C005,SKU20,2,48
C005,SKU20,3,54
C005,SKU20,4,54
C005,SKU20,5,48
C005,SKU20,6,42
C005,SKU20,7,36
C005,SKU20,8,36
C005,SKU20,9,42
C005,SKU20,10,42
C006,SKU01,1,144
C006,SKU01,2,132
C006,SKU01,3,126
C006,SKU01,4,114
C006,SKU01,5,90
C006,SKU01,6,96
C006,SKU01,7,108
C006,SKU01,8,120
C006,SKU01,9,114
C006,SKU01,10,138
C006,SKU02,1,114
C006,SKU02,2,132
C006,SKU02,3,138
C006,SKU02,4,138
C006,SKU02,5,120
C006,SKU02,6,132
C006,SKU02,7,108
C006,SKU02,8,96
C006,SKU02,9,114
C006,SKU02,10,120
C006,SKU03,1,180
C006,SKU03,2,162
C006,SKU03,3,150
C006,SKU03,4,120
C006,SKU03,5,126
C006,SKU03,6,120
C006,SKU03,7,126
C006,SKU03,8,150
C006,SKU03,9,162
C006,SKU03,10,156
C006,SKU04,1,126
C006,SKU04,2,102
C006,SKU04,3,108
C006,SKU04,4,102
C006,SKU04,5,108
C006,SKU04,6,126
C006,SKU04,7,138
C006,SKU04,8,132
C006,SKU04,9,144
C006,SKU04,10,132
C006,SKU05,1,132
C006,SKU05,2,120
C006,SKU05,3,108
C006,SKU05,4,114
C006,SKU05,5,120
C006,SKU05,6,126
C006,SKU05,7,144
C006,SKU05,8,144
C006,SKU05,9,144
C006,SKU05,10,138
C006,SKU06,1,120
C006,SKU06,2,150
C006,SKU06,3,168
C006,SKU06,4,144
C006,SKU06,5,174
C006,SKU06,6,144
C006,SKU06,7,138
C006,SKU06,8,138
C006,SKU06,9,114
C006,SKU06,10,132
C006,SKU07,1,78
C006,SKU07,2,66
C006,SKU07,3,66
C006,SKU07,4,72
C006,SKU07,5,78
C006,SKU07,6,84
C006,SKU07,7,84
C006,SKU07,8,90
C006,SKU07,9,90
C006,SKU07,10,90
C006,SKU08,1,72
C006,SKU08,2,66
C006,SKU08,3,66
C006,SKU08,4,54
C006,SKU08,5,54
C006,SKU08,6,60
C006,SKU08,7,60
C006,SKU08,8,78
C006,SKU08,9,78
C006,SKU08,10,66
C006,SKU09,1,78
C006,SKU09,2,72
C006,SKU09,3,78
C006,SKU09,4,72
C006,SKU09,5,72
C006,SKU09,6,54
C006,SKU09,7,60
C006,SKU09,8,66
C006,SKU09,9,66
C006,SKU09,10,72
C006,SKU10,1,60
C006,SKU10,2,48
C006,SKU10,3,48
C006,SKU10,4,54
C006,SKU10,5,66
C006,SKU10,6,72
C006,SKU10,7,78
C006,SKU10,8,72
C006,SKU10,9,66
C006,SKU10,10,72
C006,SKU11,1,60
C006,SKU11,2,60
C006,SKU11,3,72
C006,SKU11,4,78
C006,SKU11,5,78
C006,SKU11,6,72
C006,SKU11,7,78
C006,SKU11,8,72
C006,SKU11,9,60
C006,SKU11,10,66
C006,SKU12,1,54
C006,SKU12,2,66
C006,SKU12,3,66
C006,SKU12,4,72
C006,SKU12,5,72
C006,SKU12,6,72
C006,SKU12,7,78
C006,SKU12,8,66
C006,SKU12,9,66
C006,SKU12,10,54
C006,SKU13,1,54
C006,SKU13,2,60
C006,SKU13,3,54
C006,SKU13,4,66
C006,SKU13,5,66
C006,SKU13,6,78
C006,SKU13,7,72
C006,SKU13,8,78
C006,SKU13,9,78
C006,SKU13,10,72
C006,SKU14,1,90
C006,SKU14,2,96
C006,SKU14,3,84
C006,SKU14,4,78
C006,SKU14,5,84
C006,SKU14,6,72
C006,SKU14,7,72
C006,SKU14,8,66
C006,SKU14,9,66
C006,SKU14,10,72
C006,SKU15,1,36
C006,SKU15,2,30
C006,SKU15,3,30
C006,SKU15,4,30
C006,SKU15,5,36
C006,SKU15,6,36
C006,SKU15,7,42
C006,SKU15,8,42
C006,SKU15,9,42
C006,SKU15,10,36
C006,SKU16,1,30
C006,SKU16,2,30
C006,SKU16,3,30
C006,SKU16,4,24
C006,SKU16,5,30
C006,SKU16,6,36
C006,SKU16,7,36
C006,SKU16,8,30
C006,SKU16,9,36
C006,SKU16,10,30
C006,SKU17,1,36
C006,SKU17,2,24
C006,SKU17,3,30
C006,SKU17,4,30
C006,SKU17,5,36
C006,SKU17,6,36
C006,SKU17,7,36
C006,SKU17,8,36
C006,SKU17,9,36
C006,SKU17,10,30
C006,SKU18,1,36
C006,SKU18,2,30
C006,SKU18,3,30
C006,SKU18,4,30
C006,SKU18,5,30
C006,SKU18,6,30
C006,SKU18,7,36
C006,SKU18,8,36
C006,SKU18,9,36
C006,SKU18,10,36
C006,SKU19,1,42
C006,SKU19,2,36
C006,SKU19,3,48
C006,SKU19,4,36
C006,SKU19,5,42
C006,SKU19,6,42
C006,SKU19,7,36
C006,SKU19,8,36
C006,SKU19,9,36
C006,SKU19,10,36
C006,SKU20,1,36
C006,SKU20,2,48
C006,SKU20,3,48
C006,SKU20,4,48
C006,SKU20,5,42
C006,SKU20,6,42
C006,SKU20,7,36
C006,SKU20,8,36
C006,SKU20,9,30
C006,SKU20,10,30
C007,SKU01,1,132
C007,SKU01,2,144
C007,SKU01,3,114
C007,SKU01,4,120
C007,SKU01,5,102
C007,SKU01,6,96
C007,SKU01,7,120
C007,SKU01,8,126
C007,SKU01,9,132
C007,SKU01,10,138
C007,SKU02,1,132
C007,SKU02,2,168
C007,SKU02,3,174
C007,SKU02,4,168
C007,SKU02,5,144
C007,SKU02,6,144
C007,SKU02,7,120
C007,SKU02,8,108
C007,SKU02,9,114
C007,SKU02,10,126
C007,SKU03,1,174
C007,SKU03,2,168
C007,SKU03,3,144
C007,SKU03,4,132
C007,SKU03,5,120
C007,SKU03,6,138
C007,SKU03,7,120
C007,SKU03,8,156
C007,SKU03,9,162
C007,SKU03,10,168
C007,SKU04,1,138
C007,SKU04,2,138
C007,SKU04,3,132
C007,SKU04,4,120
C007,SKU04,5,120
C007,SKU04,6,144
C007,SKU04,7,168
C007,SKU04,8,150
C007,SKU04,9,162
C007,SKU04,10,156
C007,SKU05,1,132
C007,SKU05,2,132
C007,SKU05,3,132
C007,SKU05,4,114
C007,SKU05,5,120
C007,SKU05,6,156
C007,SKU05,7,144
C007,SKU05,8,174
C007,SKU05,9,162
C007,SKU05,10,144
C007,SKU06,1,132
C007,SKU06,2,150
C007,SKU06,3,156
C007,SKU06,4,168
C007,SKU06,5,156
C007,SKU06,6,156
C007,SKU06,7,162
C007,SKU06,8,126
C007,SKU06,9,132
C007,SKU06,10,120
C007,SKU07,1,72
C007,SKU07,2,78
C007,SKU07,3,66
C007,SKU07,4,66
C007,SKU07,5,66
C007,SKU07,6,72
C007,SKU07,7,84
C007,SKU07,8,84
C007,SKU07,9,96
C007,SKU07,10,84
C007,SKU08,1,72
C007,SKU08,2,72
C007,SKU08,3,54
C007,SKU08,4,54
C007,SKU08,5,54
C007,SKU08,6,66
C007,SKU08,7,66
C007,SKU08,8,72
C007,SKU08,9,84
C007,SKU08,10,78
C007,SKU09,1,84
C007,SKU09,2,78
C007,SKU09,3,78
C007,SKU09,4,78
C007,SKU09,5,66
C007,SKU09,6,66
C007,SKU09,7,66
C007,SKU09,8,60
C007,SKU09,9,60
C007,SKU09,10,72
C007,SKU10,1,72
C007,SKU10,2,72
C007,SKU10,3,66
C007,SKU10,4,66
C007,SKU10,5,90
C007,SKU10,6,96
C007,SKU10,7,84
C007,SKU10,8,102
C007,SKU10,9,90
C007,SKU10,10,90
C007,SKU11,1,60
C007,SKU11,2,66
C007,SKU11,3,72
C007,SKU11,4,72
C007,SKU11,5,72
C007,SKU11,6,78
C007,SKU11,7,78
C007,SKU11,8,66
C007,SKU11,9,66
C007,SKU11,10,66
C007,SKU12,1,54
C007,SKU12,2,60
C007,SKU12,3,66
C007,SKU12,4,66
C007,SKU12,5,78
C007,SKU12,6,78
C007,SKU12,7,72
C007,SKU12,8,66
C007,SKU12,9,60
C007,SKU12,10,54
C007,SKU13,1,72
C007,SKU13,2,60
C007,SKU13,3,72
C007,SKU13,4,78
C007,SKU13,5,84
C007,SKU13,6,84
C007,SKU13,7,96
C007,SKU13,8,90
C007,SKU13,9,90
C007,SKU13,10,72
C007,SKU14,1,90
C007,SKU14,2,78
C007,SKU14,3,96
C007,SKU14,4,78
C007,SKU14,5,84
C007,SKU14,6,72
C007,SKU14,7,66
C007,SKU14,8,66
C007,SKU14,9,72
C007,SKU14,10,72
C007,SKU15,1,36
C007,SKU15,2,36
C007,SKU15,3,30
C007,SKU15,4,30
C007,SKU15,5,30
C007,SKU15,6,36
C007,SKU15,7,36
C007,SKU15,8,42
C007,SKU15,9,36
C007,SKU15,10,36
C007,SKU16,1,36
C007,SKU16,2,30
C007,SKU16,3,30
C007,SKU16,4,30
C007,SKU16,5,30
C007,SKU16,6,36
C007,SKU16,7,36
C007,SKU16,8,36
C007,SKU16,9,42
C007,SKU16,10,36
C007,SKU17,1,36
C007,SKU17,2,30
C007,SKU17,3,36
C007,SKU17,4,36
C007,SKU17,5,36
C007,SKU17,6,36
C007,SKU17,7,42
C007,SKU17,8,42
C007,SKU17,9,42
C007,SKU17,10,36
C007,SKU18,1,42
C007,SKU18,2,36
C007,SKU18,3,36
C007,SKU18,4,30
C007,SKU18,5,36
C007,SKU18,6,30
C007,SKU18,7,36
C007,SKU18,8,36
C007,SKU18,9,42
C007,SKU18,10,42
C007,SKU19,1,36
C007,SKU19,2,30
C007,SKU19,3,42
C007,SKU19,4,36
C007,SKU19,5,36
C007,SKU19,6,36
C007,SKU19,7,30
C007,SKU19,8,30
C007,SKU19,9,30
C007,SKU19,10,30
C007,SKU20,1,36
C007,SKU20,2,42
C007,SKU20,3,42
C007,SKU20,4,42
C007,SKU20,5,36
C007,SKU20,6,36
C007,SKU20,7,30
C007,SKU20,8,30
C007,SKU20,9,30
C007,SKU20,10,36
C008,SKU01,1,150
C008,SKU01,2,156
C008,SKU01,3,132
C008,SKU01,4,138
C008,SKU01,5,120
C008,SKU01,6,126
C008,SKU01,7,132
C008,SKU01,8,126
C008,SKU01,9,156
C008,SKU01,10,174
C008,SKU02,1,144
C008,SKU02,2,162
C008,SKU02,3,144
C008,SKU02,4,144
C008,SKU02,5,150
C008,SKU02,6,132
C008,SKU02,7,132
C008,SKU02,8,126
C008,SKU02,9,114
C008,SKU02,10,120
C008,SKU03,1,156
C008,SKU03,2,168
C008,SKU03,3,138
C008,SKU03,4,132
C008,SKU03,5,114
C008,SKU03,6,126
C008,SKU03,7,132
C008,SKU03,8,144
C008,SKU03,9,144
C008,SKU03,10,174
C008,SKU04,1,138
C008,SKU04,2,120
C008,SKU04,3,114
C008,SKU04,4,132
C008,SKU04,5,138
C008,SKU04,6,150
C008,SKU04,7,150
C008,SKU04,8,162
C008,SKU04,9,168
C008,SKU04,10,162
C008,SKU05,1,138
C008,SKU05,2,144
C008,SKU05,3,126
C008,SKU05,4,126
C008,SKU05,5,144
C008,SKU05,6,156
C008,SKU05,7,180
C008,SKU05,8,162
C008,SKU05,9,162
C008,SKU05,10,174
C008,SKU06,1,120
C008,SKU06,2,126
C008,SKU06,3,132
C008,SKU06,4,168
C008,SKU06,5,144
C008,SKU06,6,144
C008,SKU06,7,126
C008,SKU06,8,120
C008,SKU06,9,108
C008,SKU06,10,114
C008,SKU07,1,66
C008,SKU07,2,54
C008,SKU07,3,54
C008,SKU07,4,60
C008,SKU07,5,60
C008,SKU07,6,66
C008,SKU07,7,66
C008,SKU07,8,72
C008,SKU07,9,72
C008,SKU07,10,72
C008,SKU08,1,84
C008,SKU08,2,78
C008,SKU08,3,66
C008,SKU08,4,60
C008,SKU08,5,66
C008,SKU08,6,78
C008,SKU08,7,72
C008,SKU08,8,84
C008,SKU08,9,84
C008,SKU08,10,84
C008,SKU09,1,66
C008,SKU09,2,78
C008,SKU09,3,72
C008,SKU09,4,72
C008,SKU09,5,66
C008,SKU09,6,60
C008,SKU09,7,54
C008,SKU09,8,54
C008,SKU09,9,54
C008,SKU09,10,72
C008,SKU10,1,72
C008,SKU10,2,72
C008,SKU10,3,72
C008,SKU10,4,78
C008,SKU10,5,72
C008,SKU10,6,90
C008,SKU10,7,84
C008,SKU10,8,96
C008,SKU10,9,96
C008,SKU10,10,84
C008,SKU11,1,54
C008,SKU11,2,54
C008,SKU11,3,60
C008,SKU11,4,60
C008,SKU11,5,78
C008,SKU11,6,72
C008,SKU11,7,66
C008,SKU11,8,60
C008,SKU11,9,54
C008,SKU11,10,54
C008,SKU12,1,66
C008,SKU12,2,66
C008,SKU12,3,78
C008,SKU12,4,84
C008,SKU12,5,78
C008,SKU12,6,90
C008,SKU12,7,72
C008,SKU12,8,78
C008,SKU12,9,66
C008,SKU12,10,66
C008,SKU13,1,78
C008,SKU13,2,72
C008,SKU13,3,66
C008,SKU13,4,66
C008,SKU13,5,78
C008,SKU13,6,84
C008,SKU13,7,96
C008,SKU13,8,90
C008,SKU13,9,96
C008,SKU13,10,84
C008,SKU14,1,78
C008,SKU14,2,96
C008,SKU14,3,96
C008,SKU14,4,84
C008,SKU14,5,78
C008,SKU14,6,78
C008,SKU14,7,66
C008,SKU14,8,66
C008,SKU14,9,72
C008,SKU14,10,72
C008,SKU15,1,30
C008,SKU15,2,30
C008,SKU15,3,30
C008,SKU15,4,30
C008,SKU15,5,30
C008,SKU15,6,36
C008,SKU15,7,36
C008,SKU15,8,36
C008,SKU15,9,42
C008,SKU15,10,36
C008,SKU16,1,30
C008,SKU16,2,30
C008,SKU16,3,30
C008,SKU16,4,30
C008,SKU16,5,24
C008,SKU16,6,30
C008,SKU16,7,36
C008,SKU16,8,36
C008,SKU16,9,36
C008,SKU16,10,36
C008,SKU17,1,30
C008,SKU17,2,30
C008,SKU17,3,24
C008,SKU17,4,24
C008,SKU17,5,30
C008,SKU17,6,30
C008,SKU17,7,30
C008,SKU17,8,36
C008,SKU17,9,30
C008,SKU17,10,30
C008,SKU18,1,48
C008,SKU18,2,42
C008,SKU18,3,36
C008,SKU18,4,36
C008,SKU18,5,36
C008,SKU18,6,36
C008,SKU18,7,36
C008,SKU18,8,48
C008,SKU18,9,48
C008,SKU18,10,42
C008,SKU19,1,36
C008,SKU19,2,42
C008,SKU19,3,42
C008,SKU19,4,42
C008,SKU19,5,36
C008,SKU19,6,36
C008,SKU19,7,30
C008,SKU19,8,24
C008,SKU19,9,30
C008,SKU19,10,36
C008,SKU20,1,30
C008,SKU20,2,30
C008,SKU20,3,36
C008,SKU20,4,36
C008,SKU20,5,36
C008,SKU20,6,36
C008,SKU20,7,30
C008,SKU20,8,30
C008,SKU20,9,24
C008,SKU20,10,30
C009,SKU01,1,216
C009,SKU01,2,174
C009,SKU01,3,174
C009,SKU01,4,150
C009,SKU01,5,144
C009,SKU01,6,156
C009,SKU01,7,162
C009,SKU01,8,174
C009,SKU01,9,186
C009,SKU01,10,198
C009,SKU02,1,210
C009,SKU02,2,228
C009,SKU02,3,234
C009,SKU02,4,210
C009,SKU02,5,216
C009,SKU02,6,192
C009,SKU02,7,168
C009,SKU02,8,180
C009,SKU02,9,150
C009,SKU02,10,192
C009,SKU03,1,204
C009,SKU03,2,198
C009,SKU03,3,192
C009,SKU03,4,168
C009,SKU03,5,156
C009,SKU03,6,138
C009,SKU03,7,162
C009,SKU03,8,162
C009,SKU03,9,198
C009,SKU03,10,204
C009,SKU04,1,168
C009,SKU04,2,156
C009,SKU04,3,168
C009,SKU04,4,150
C009,SKU04,5,156
C009,SKU04,6,168
C009,SKU04,7,222
C009,SKU04,8,222
C009,SKU04,9,210
C009,SKU04,10,198
C009,SKU05,1,180
C009,SKU05,2,162
C009,SKU05,3,138
C009,SKU05,4,138
C009,SKU05,5,144
C009,SKU05,6,174
C009,SKU05,7,192
C009,SKU05,8,186
C009,SKU05,9,174
C009,SKU05,10,168
C009,SKU06,1,180
C009,SKU06,2,216
C009,SKU06,3,228
C009,SKU06,4,228
C009,SKU06,5,216
C009,SKU06,6,204
C009,SKU06,7,210
C009,SKU06,8,198
C009,SKU06,9,180
C009,SKU06,10,174
C009,SKU07,1,90
C009,SKU07,2,84
C009,SKU07,3,66
C009,SKU07,4,78
C009,SKU07,5,78
C009,SKU07,6,84
C009,SKU07,7,96
C009,SKU07,8,102
C009,SKU07,9,96
C009,SKU07,10,84
C009,SKU08,1,108
C009,SKU08,2,90
C009,SKU08,3,84
C009,SKU08,4,78
C009,SKU08,5,78
C009,SKU08,6,84
C009,SKU08,7,102
C009,SKU08,8,96
C009,SKU08,9,96
C009,SKU08,10,102
C009,SKU09,1,120
C009,SKU09,2,120
C009,SKU09,3,132
C009,SKU09,4,126
C009,SKU09,5,114
C009,SKU09,6,108
C009,SKU09,7,90
C009,SKU09,8,96
C009,SKU09,9,96
C009,SKU09,10,114
C009,SKU10,1,102
C009,SKU10,2,90
C009,SKU10,3,84
C009,SKU10,4,96
C009,SKU10,5,114
C009,SKU10,6,120
C009,SKU10,7,108
C009,SKU10,8,108
C009,SKU10,9,102
C009,SKU10,10,108
C009,SKU11,1,84
C009,SKU11,2,96
C009,SKU11,3,114
C009,SKU11,4,120
C009,SKU11,5,120
C009,SKU11,6,126
C009,SKU11,7,114
C009,SKU11,8,102
C009,SKU11,9,96
C009,SKU11,10,96
C009,SKU12,1,96
C009,SKU12,2,102
C009,SKU12,3,102
C009,SKU12,4,114
C009,SKU12,5,114
C009,SKU12,6,120
C009,SKU12,7,120
C009,SKU12,8,120
C009,SKU12,9,90
C009,SKU12,10,90
C009,SKU13,1,90
C009,SKU13,2,90
C009,SKU13,3,96
C009,SKU13,4,96
C009,SKU13,5,102
C009,SKU13,6,114
C009,SKU13,7,126
C009,SKU13,8,120
C009,SKU13,9,102
C009,SKU13,10,114
C009,SKU14,1,96
C009,SKU14,2,90
C009,SKU14,3,102
C009,SKU14,4,90
C009,SKU14,5,78
C009,SKU14,6,72
C009,SKU14,7,66
C009,SKU14,8,78
C009,SKU14,9,84
C009,SKU14,10,84
C009,SKU15,1,48
C009,SKU15,2,48
C009,SKU15,3,42
C009,SKU15,4,42
C009,SKU15,5,42
C009,SKU15,6,48
C009,SKU15,7,48
C009,SKU15,8,54
C009,SKU15,9,54
C009,SKU15,10,54
C009,SKU16,1,42
C009,SKU16,2,36
C009,SKU16,3,36
C009,SKU16,4,36
C009,SKU16,5,42
C009,SKU16,6,42
C009,SKU16,7,48
C009,SKU16,8,48
C009,SKU16,9,48
C009,SKU16,10,48
C009,SKU17,1,42
C009,SKU17,2,36
C009,SKU17,3,36
C009,SKU17,4,36
C009,SKU17,5,42
C009,SKU17,6,54
C009,SKU17,7,54
C009,SKU17,8,54
C009,SKU17,9,48
C009,SKU17,10,42
C009,SKU18,1,48
C009,SKU18,2,42
C009,SKU18,3,36
C009,SKU18,4,36
C009,SKU18,5,36
C009,SKU18,6,42
C009,SKU18,7,48
C009,SKU18,8,54
C009,SKU18,9,54
C009,SKU18,10,48
C009,SKU19,1,54
C009,SKU19,2,48
C009,SKU19,3,54
C009,SKU19,4,60
C009,SKU19,5,54
C009,SKU19,6,54
C009,SKU19,7,48
C009,SKU19,8,42
C009,SKU19,9,42
C009,SKU19,10,42
C009,SKU20,1,36
C009,SKU20,2,48
C009,SKU20,3,48
C009,SKU20,4,48
C009,SKU20,5,42
C009,SKU20,6,48
C009,SKU20,7,36
C009,SKU20,8,36
C009,SKU20,9,36
C009,SKU20,10,42
C010,SKU01,1,144
C010,SKU01,2,132
C010,SKU01,3,120
C010,SKU01,4,102
C010,SKU01,5,96
C010,SKU01,6,108
C010,SKU01,7,108
C010,SKU01,8,120
C010,SKU01,9,138
C010,SKU01,10,144
C010,SKU02,1,120
C010,SKU02,2,120
C010,SKU02,3,144
C010,SKU02,4,138
C010,SKU02,5,138
C010,SKU02,6,108
C010,SKU02,7,96
C010,SKU02,8,96
C010,SKU02,9,96
C010,SKU02,10,102
C010,SKU03,1,162
C010,SKU03,2,156
C010,SKU03,3,156
C010,SKU03,4,132
C010,SKU03,5,132
C010,SKU03,6,114
C010,SKU03,7,132
C010,SKU03,8,132
C010,SKU03,9,150
C010,SKU03,10,180
C010,SKU04,1,120
C010,SKU04,2,108
C010,SKU04,3,96
C010,SKU04,4,108
C010,SKU04,5,96
C010,SKU04,6,120
C010,SKU04,7,138
C010,SKU04,8,138
C010,SKU04,9,144
C010,SKU04,10,114
C010,SKU05,1,120
C010,SKU05,2,120
C010,SKU05,3,120
C010,SKU05,4,108
C010,SKU05,5,120
C010,SKU05,6,120
C010,SKU05,7,144
C010,SKU05,8,144
C010,SKU05,9,162
C010,SKU05,10,144
C010,SKU06,1,108
C010,SKU06,2,120
C010,SKU06,3,132
C010,SKU06,4,138
C010,SKU06,5,156
C010,SKU06,6,138
C010,SKU06,7,126
C010,SKU06,8,108
C010,SKU06,9,114
C010,SKU06,10,114
C010,SKU07,1,66
C010,SKU07,2,60
C010,SKU07,3,48
C010,SKU07,4,54
C010,SKU07,5,54
C010,SKU07,6,60
C010,SKU07,7,72
C010,SKU07,8,78
C010,SKU07,9,72
C010,SKU07,10,66
C010,SKU08,1,78
C010,SKU08,2,72
C010,SKU08,3,60
C010,SKU08,4,60
C010,SKU08,5,66
C010,SKU08,6,66
C010,SKU08,7,66
C010,SKU08,8,78
C010,SKU08,9,78
C010,SKU08,10,78
C010,SKU09,1,66
C010,SKU09,2,78
C010,SKU09,3,72
C010,SKU09,4,66
C010,SKU09,5,72
C010,SKU09,6,66
C010,SKU09,7,60
C010,SKU09,8,54
C010,SKU09,9,60
C010,SKU09,10,72
C010,SKU10,1,66
C010,SKU10,2,60
C010,SKU10,3,66
C010,SKU10,4,78
C010,SKU10,5,78
C010,SKU10,6,84
C010,SKU10,7,84
C010,SKU10,8,90
C010,SKU10,9,90
C010,SKU10,10,78
C010,SKU11,1,72
C010,SKU11,2,66
C010,SKU11,3,78
C010,SKU11,4,84
C010,SKU11,5,96
C010,SKU11,6,90
C010,SKU11,7,90
C010,SKU11,8,84
C010,SKU11,9,72
C010,SKU11,10,72
C010,SKU12,1,60
C010,SKU12,2,66
C010,SKU12,3,78
C010,SKU12,4,78
C010,SKU12,5,90
C010,SKU12,6,90
C010,SKU12,7,78
C010,SKU12,8,78
C010,SKU12,9,60
C010,SKU12,10,60
C010,SKU13,1,66
C010,SKU13,2,60
C010,SKU13,3,54
C010,SKU13,4,60
C010,SKU13,5,66
C010,SKU13,6,66
C010,SKU13,7,78
C010,SKU13,8,78
C010,SKU13,9,72
C010,SKU13,10,72
C010,SKU14,1,84
C010,SKU14,2,84
C010,SKU14,3,84
C010,SKU14,4,72
C010,SKU14,5,78
C010,SKU14,6,66
C010,SKU14,7,54
C010,SKU14,8,54
C010,SKU14,9,66
C010,SKU14,10,72
C010,SKU15,1,42
C010,SKU15,2,30
C010,SKU15,3,36
C010,SKU15,4,30
C010,SKU15,5,36
C010,SKU15,6,42
C010,SKU15,7,42
C010,SKU15,8,48
C010,SKU15,9,42
C010,SKU15,10,42
C010,SKU16,1,42
C010,SKU16,2,36
C010,SKU16,3,36
C010,SKU16,4,36
C010,SKU16,5,36
C010,SKU16,6,36
C010,SKU16,7,42
C010,SKU16,8,48
C010,SKU16,9,42
C010,SKU16,10,42
C010,SKU17,1,30
C010,SKU17,2,30
C010,SKU17,3,30
C010,SKU17,4,30
C010,SKU17,5,30
C010,SKU17,6,36
C010,SKU17,7,42
C010,SKU17,8,36
C010,SKU17,9,36
C010,SKU17,10,30
C010,SKU18,1,36
C010,SKU18,2,30
C010,SKU18,3,30
C010,SKU18,4,24
C010,SKU18,5,24
C010,SKU18,6,30
C010,SKU18,7,30
C010,SKU18,8,36
C010,SKU18,9,36
C010,SKU18,10,36
C010,SKU19,1,36
C010,SKU19,2,42
C010,SKU19,3,42
C010,SKU19,4,42
C010,SKU19,5,42
C010,SKU19,6,42
C010,SKU19,7,36
C010,SKU19,8,36
C010,SKU19,9,36
C010,SKU19,10,36
C010,SKU20,1,36
C010,SKU20,2,42
C010,SKU20,3,42
C010,SKU20,4,42
C010,SKU20,5,36
C010,SKU20,6,36
C010,SKU20,7,36
C010,SKU20,8,36
C010,SKU20,9,30
C010,SKU20,10,36
C011,SKU01,1,156
C011,SKU01,2,162
C011,SKU01,3,138
C011,SKU01,4,144
C011,SKU01,5,138
C011,SKU01,6,126
C011,SKU01,7,150
C011,SKU01,8,144
C011,SKU01,9,180
C011,SKU01,10,180
C011,SKU02,1,132
C011,SKU02,2,174
C011,SKU02,3,174
C011,SKU02,4,156
C011,SKU02,5,168
C011,SKU02,6,138
C011,SKU02,7,144
C011,SKU02,8,114
C011,SKU02,9,126
C011,SKU02,10,132
C011,SKU03,1,126
C011,SKU03,2,114
C011,SKU03,3,114
C011,SKU03,4,102
C011,SKU03,5,102
C011,SKU03,6,96
C011,SKU03,7,102
C011,SKU03,8,120
C011,SKU03,9,114
C011,SKU03,10,144
C011,SKU04,1,150
C011,SKU04,2,138
C011,SKU04,3,132
C011,SKU04,4,120
C011,SKU04,5,120
C011,SKU04,6,138
C011,SKU04,7,168
C011,SKU04,8,150
C011,SKU04,9,168
C011,SKU04,10,174
C011,SKU05,1,144
C011,SKU05,2,120
C011,SKU05,3,132
C011,SKU05,4,126
C011,SKU05,5,120
C011,SKU05,6,132
C011,SKU05,7,174
C011,SKU05,8,174
C011,SKU05,9,180
C011,SKU05,10,174
C011,SKU06,1,126
C011,SKU06,2,132
C011,SKU06,3,144
C011,SKU06,4,150
C011,SKU06,5,162
C011,SKU06,6,150
C011,SKU06,7,144
C011,SKU06,8,120
C011,SKU06,9,120
C011,SKU06,10,120
C011,SKU07,1,78
C011,SKU07,2,66
C011,SKU07,3,66
C011,SKU07,4,60
C011,SKU07,5,66
C011,SKU07,6,72
C011,SKU07,7,84
C011,SKU07,8,90
C011,SKU07,9,84
C011,SKU07,10,84
C011,SKU08,1,78
C011,SKU08,2,66
C011,SKU08,3,60
C011,SKU08,4,60
C011,SKU08,5,60
C011,SKU08,6,60
C011,SKU08,7,66
C011,SKU08,8,72
C011,SKU08,9,90
C011,SKU08,10,78
C011,SKU09,1,72
C011,SKU09,2,84
C011,SKU09,3,78
C011,SKU09,4,72
C011,SKU09,5,72
C011,SKU09,6,60
C011,SKU09,7,54
C011,SKU09,8,60
C011,SKU09,9,60
C011,SKU09,10,66
C011,SKU10,1,66
C011,SKU10,2,60
C011,SKU10,3,60
C011,SKU10,4,60
C011,SKU10,5,72
C011,SKU10,6,72
C011,SKU10,7,72
C011,SKU10,8,78
C011,SKU10,9,66
C011,SKU10,10,66
C011,SKU11,1,66
C011,SKU11,2,66
C011,SKU11,3,78
C011,SKU11,4,84
C011,SKU11,5,78
C011,SKU11,6,78
C011,SKU11,7,78
C011,SKU11,8,72
C011,SKU11,9,66
C011,SKU11,10,66
C011,SKU12,1,66
C011,SKU12,2,66
C011,SKU12,3,84
C011,SKU12,4,90
C011,SKU12,5,96
C011,SKU12,6,78
C011,SKU12,7,84
C011,SKU12,8,72
C011,SKU12,9,66
C011,SKU12,10,60
C011,SKU13,1,72
C011,SKU13,2,60
C011,SKU13,3,60
C011,SKU13,4,66
C011,SKU13,5,72
C011,SKU13,6,72
C011,SKU13,7,84
C011,SKU13,8,90
C011,SKU13,9,72
C011,SKU13,10,66
C011,SKU14,1,84
C011,SKU14,2,84
C011,SKU14,3,84
C011,SKU14,4,72
C011,SKU14,5,72
C011,SKU14,6,54
C011,SKU14,7,60
C011,SKU14,8,66
C011,SKU14,9,66
C011,SKU14,10,72
C011,SKU15,1,36
C011,SKU15,2,36
C011,SKU15,3,30
C011,SKU15,4,36
C011,SKU15,5,30
C011,SKU15,6,36
C011,SKU15,7,42
C011,SKU15,8,42
C011,SKU15,9,42
C011,SKU15,10,42
C011,SKU16,1,30
C011,SKU16,2,30
C011,SKU16,3,24
C011,SKU16,4,30
C011,SKU16,5,30
C011,SKU16,6,36
C011,SKU16,7,36
C011,SKU16,8,36
C011,SKU16,9,36
C011,SKU16,10,30
C011,SKU17,1,30
C011,SKU17,2,30
C011,SKU17,3,30
C011,SKU17,4,30
C011,SKU17,5,36
C011,SKU17,6,42
C011,SKU17,7,36
C011,SKU17,8,36
C011,SKU17,9,36
C011,SKU17,10,36
C011,SKU18,1,42
C011,SKU18,2,36
C011,SKU18,3,30
C011,SKU18,4,30
C011,SKU18,5,30
C011,SKU18,6,30
C011,SKU18,7,42
C011,SKU18,8,42
C011,SKU18,9,42
C011,SKU18,10,36
C011,SKU19,1,36
C011,SKU19,2,42
C011,SKU19,3,42
C011,SKU19,4,42
C011,SKU19,5,42
C011,SKU19,6,36
C011,SKU19,7,36
C011,SKU19,8,30
C011,SKU19,9,30
C011,SKU19,10,36
C011,SKU20,1,36
C011,SKU20,2,36
C011,SKU20,3,42
C011,SKU20,4,36
C011,SKU20,5,36
C011,SKU20,6,36
C011,SKU20,7,30
C011,SKU20,8,30
C011,SKU20,9,30
C011,SKU20,10,30
C012,SKU01,1,120
C012,SKU01,2,138
C012,SKU01,3,120
C012,SKU01,4,102
C012,SKU01,5,108
C012,SKU01,6,96
C012,SKU01,7,120
C012,SKU01,8,114
C012,SKU01,9,138
C012,SKU01,10,138
C012,SKU02,1,156
C012,SKU02,2,150
C012,SKU02,3,180
C012,SKU02,4,162
C012,SKU02,5,156
C012,SKU02,6,138
C012,SKU02,7,132
C012,SKU02,8,114
C012,SKU02,9,126
C012,SKU02,10,132
C012,SKU03,1,174
C012,SKU03,2,156
C012,SKU03,3,138
C012,SKU03,4,126
C012,SKU03,5,114
C012,SKU03,6,114
C012,SKU03,7,126
C012,SKU03,8,138
C012,SKU03,9,168
C012,SKU03,10,162
C012,SKU04,1,126
C012,SKU04,2,108
C012,SKU04,3,108
C012,SKU04,4,108
C012,SKU04,5,114
C012,SKU04,6,126
C012,SKU04,7,150
C012,SKU04,8,156
C012,SKU04,9,150
C012,SKU04,10,138
C012,SKU05,1,126
C012,SKU05,2,120
C012,SKU05,3,108
C012,SKU05,4,114
C012,SKU05,5,126
C012,SKU05,6,132
C012,SKU05,7,162
C012,SKU05,8,168
C012,SKU05,9,162
C012,SKU05,10,150
C012,SKU06,1,126
C012,SKU06,2,156
C012,SKU06,3,150
C012,SKU06,4,180
C012,SKU06,5,162
C012,SKU06,6,174
C012,SKU06,7,162
C012,SKU06,8,126
C012,SKU06,9,126
C012,SKU06,10,138
C012,SKU07,1,78
C012,SKU07,2,66
C012,SKU07,3,60
C012,SKU07,4,60
C012,SKU07,5,60
C012,SKU07,6,78
C012,SKU07,7,78
C012,SKU07,8,84
C012,SKU07,9,84
C012,SKU07,10,78
C012,SKU08,1,96
C012,SKU08,2,78
C012,SKU08,3,78
C012,SKU08,4,72
C012,SKU08,5,72
C012,SKU08,6,78
C012,SKU08,7,78
C012,SKU08,8,78
C012,SKU08,9,96
C012,SKU08,10,90
C012,SKU09,1,96
C012,SKU09,2,84
C012,SKU09,3,96
C012,SKU09,4,84
C012,SKU09,5,78
C012,SKU09,6,72
C012,SKU09,7,72
C012,SKU09,8,60
C012,SKU09,9,72
C012,SKU09,10,84
C012,SKU10,1,72
C012,SKU10,2,60
C012,SKU10,3,66
C012,SKU10,4,66
C012,SKU10,5,84
C012,SKU10,6,78
C012,SKU10,7,84
C012,SKU10,8,96
C012,SKU10,9,78
C012,SKU10,10,84
C012,SKU11,1,72
C012,SKU11,2,66
C012,SKU11,3,66
C012,SKU11,4,84
C012,SKU11,5,90
C012,SKU11,6,90
C012,SKU11,7,78
C012,SKU11,8,78
C012,SKU11,9,72
C012,SKU11,10,66
C012,SKU12,1,72
C012,SKU12,2,72
C012,SKU12,3,72
C012,SKU12,4,84
C012,SKU12,5,84
C012,SKU12,6,90
C012,SKU12,7,84
C012,SKU12,8,72
C012,SKU12,9,66
C012,SKU12,10,60
C012,SKU13,1,78
C012,SKU13,2,60
C012,SKU13,3,72
C012,SKU13,4,72
C012,SKU13,5,78
C012,SKU13,6,78
C012,SKU13,7,90
C012,SKU13,8,96
C012,SKU13,9,90
C012,SKU13,10,72
C012,SKU14,1,66
C012,SKU14,2,66
C012,SKU14,3,66
C012,SKU14,4,66
C012,SKU14,5,66
C012,SKU14,6,60
C012,SKU14,7,54
C012,SKU14,8,60
C012,SKU14,9,54
C012,SKU14,10,60
C012,SKU15,1,36
C012,SKU15,2,36
C012,SKU15,3,30
C012,SKU15,4,30
C012,SKU15,5,30
C012,SKU15,6,30
C012,SKU15,7,36
C012,SKU15,8,36
C012,SKU15,9,36
C012,SKU15,10,36
C012,SKU16,1,36
C012,SKU16,2,36
C012,SKU16,3,30
C012,SKU16,4,36
C012,SKU16,5,36
C012,SKU16,6,42
C012,SKU16,7,42
C012,SKU16,8,42
C012,SKU16,9,42
C012,SKU16,10,42
C012,SKU17,1,30
C012,SKU17,2,30
C012,SKU17,3,24
C012,SKU17,4,30
C012,SKU17,5,30
C012,SKU17,6,36
C012,SKU17,7,36
C012,SKU17,8,36
C012,SKU17,9,36
C012,SKU17,10,30
C012,SKU18,1,36
C012,SKU18,2,30
C012,SKU18,3,30
C012,SKU18,4,24
C012,SKU18,5,30
C012,SKU18,6,30
C012,SKU18,7,30
C012,SKU18,8,36
C012,SKU18,9,36
C012,SKU18,10,36
C012,SKU19,1,36
C012,SKU19,2,48
C012,SKU19,3,48
C012,SKU19,4,42
C012,SKU19,5,48
C012,SKU19,6,36
C012,SKU19,7,42
C012,SKU19,8,30
C012,SKU19,9,36
C012,SKU19,10,36
C012,SKU20,1,36
C012,SKU20,2,42
C012,SKU20,3,36
C012,SKU20,4,36
C012,SKU20,5,42
C012,SKU20,6,36
C012,SKU20,7,36
C012,SKU20,8,30
C012,SKU20,9,30
C012,SKU20,10,36
C013,SKU01,1,174
C013,SKU01,2,192
C013,SKU01,3,174
C013,SKU01,4,138
C013,SKU01,5,138
C013,SKU01,6,156
C013,SKU01,7,150
C013,SKU01,8,168
C013,SKU01,9,180
C013,SKU01,10,180
C013,SKU02,1,168
C013,SKU02,2,168
C013,SKU02,3,204
C013,SKU02,4,192
C013,SKU02,5,198
C013,SKU02,6,186
C013,SKU02,7,150
C013,SKU02,8,150
C013,SKU02,9,144
C013,SKU02,10,168
C013,SKU03,1,192
C013,SKU03,2,180
C013,SKU03,3,156
C013,SKU03,4,138
C013,SKU03,5,144
C013,SKU03,6,144
C013,SKU03,7,144
C013,SKU03,8,168
C013,SKU03,9,174
C013,SKU03,10,192
C013,SKU04,1,174
C013,SKU04,2,144
C013,SKU04,3,138
C013,SKU04,4,126
C013,SKU04,5,138
C013,SKU04,6,162
C013,SKU04,7,168
C013,SKU04,8,198
C013,SKU04,9,168
C013,SKU04,10,174
C013,SKU05,1,156
C013,SKU05,2,144
C013,SKU05,3,144
C013,SKU05,4,144
C013,SKU05,5,150
C013,SKU05,6,168
C013,SKU05,7,186
C013,SKU05,8,174
C013,SKU05,9,192
C013,SKU05,10,204
C013,SKU06,1,168
C013,SKU06,2,174
C013,SKU06,3,204
C013,SKU06,4,216
C013,SKU06,5,204
C013,SKU06,6,216
C013,SKU06,7,168
C013,SKU06,8,150
C013,SKU06,9,162
C013,SKU06,10,162
C013,SKU07,1,84
C013,SKU07,2,72
C013,SKU07,3,72
C013,SKU07,4,78
C013,SKU07,5,78
C013,SKU07,6,84
C013,SKU07,7,90
C013,SKU07,8,90
C013,SKU07,9,96
C013,SKU07,10,96
C013,SKU08,1,132
C013,SKU08,2,102
C013,SKU08,3,108
C013,SKU08,4,102
C013,SKU08,5,102
C013,SKU08,6,102
C013,SKU08,7,108
C013,SKU08,8,114
C013,SKU08,9,114
C013,SKU08,10,120
C013,SKU09,1,96
C013,SKU09,2,108
C013,SKU09,3,102
C013,SKU09,4,90
C013,SKU09,5,96
C013,SKU09,6,90
C013,SKU09,7,84
C013,SKU09,8,84
C013,SKU09,9,84
C013,SKU09,10,96
C013,SKU10,1,78
C013,SKU10,2,66
C013,SKU10,3,66
C013,SKU10,4,72
C013,SKU10,5,84
C013,SKU10,6,96
C013,SKU10,7,96
C013,SKU10,8,90
C013,SKU10,9,96
C013,SKU10,10,90
C013,SKU11,1,84
C013,SKU11,2,84
C013,SKU11,3,90
C013,SKU11,4,108
C013,SKU11,5,102
C013,SKU11,6,108
C013,SKU11,7,108
C013,SKU11,8,96
C013,SKU11,9,78
C013,SKU11,10,72
C013,SKU12,1,72
C013,SKU12,2,72
C013,SKU12,3,78
C013,SKU12,4,96
C013,SKU12,5,96
C013,SKU12,6,90
C013,SKU12,7,90
C013,SKU12,8,84
C013,SKU12,9,72
C013,SKU12,10,66
C013,SKU13,1,96
C013,SKU13,2,90
C013,SKU13,3,90
C013,SKU13,4,90
C013,SKU13,5,102
C013,SKU13,6,114
C013,SKU13,7,114
C013,SKU13,8,108
C013,SKU13,9,126
C013,SKU13,10,114
C013,SKU14,1,126
C013,SKU14,2,114
C013,SKU14,3,132
C013,SKU14,4,108
C013,SKU14,5,114
C013,SKU14,6,108
C013,SKU14,7,96
C013,SKU14,8,102
C013,SKU14,9,96
C013,SKU14,10,102
C013,SKU15,1,48
C013,SKU15,2,42
C013,SKU15,3,42
C013,SKU15,4,42
C013,SKU15,5,42
C013,SKU15,6,48
C013,SKU15,7,54
C013,SKU15,8,60
C013,SKU15,9,60
C013,SKU15,10,54
C013,SKU16,1,60
C013,SKU16,2,48
C013,SKU16,3,48
C013,SKU16,4,48
C013,SKU16,5,48
C013,SKU16,6,60
C013,SKU16,7,60
C013,SKU16,8,60
C013,SKU16,9,66
C013,SKU16,10,66
C013,SKU17,1,42
C013,SKU17,2,36
C013,SKU17,3,42
C013,SKU17,4,48
C013,SKU17,5,48
C013,SKU17,6,54
C013,SKU17,7,54
C013,SKU17,8,54
C013,SKU17,9,54
C013,SKU17,10,48
C013,SKU18,1,48
C013,SKU18,2,36
C013,SKU18,3,36
C013,SKU18,4,36
C013,SKU18,5,36
C013,SKU18,6,36
C013,SKU18,7,42
C013,SKU18,8,48
C013,SKU18,9,54
C013,SKU18,10,42
C013,SKU19,1,54
C013,SKU19,2,54
C013,SKU19,3,60
C013,SKU19,4,66
C013,SKU19,5,60
C013,SKU19,6,54
C013,SKU19,7,48
C013,SKU19,8,48
C013,SKU19,9,42
C013,SKU19,10,48
C013,SKU20,1,48
C013,SKU20,2,48
C013,SKU20,3,48
C013,SKU20,4,60
C013,SKU20,5,48
C013,SKU20,6,48
C013,SKU20,7,42
C013,SKU20,8,36
C013,SKU20,9,36
C013,SKU20,10,42
C014,SKU01,1,162
C014,SKU01,2,174
C014,SKU01,3,150
C014,SKU01,4,132
C014,SKU01,5,126
C014,SKU01,6,126
C014,SKU01,7,138
C014,SKU01,8,138
C014,SKU01,9,156
C014,SKU01,10,180
C014,SKU02,1,162
C014,SKU02,2,162
C014,SKU02,3,180
C014,SKU02,4,168
C014,SKU02,5,162
C014,SKU02,6,138
C014,SKU02,7,138
C014,SKU02,8,120
C014,SKU02,9,126
C014,SKU02,10,144
C014,SKU03,1,126
C014,SKU03,2,120
C014,SKU03,3,132
C014,SKU03,4,108
C014,SKU03,5,102
C014,SKU03,6,108
C014,SKU03,7,120
C014,SKU03,8,114
C014,SKU03,9,138
C014,SKU03,10,144
C014,SKU04,1,126
C014,SKU04,2,138
C014,SKU04,3,120
C014,SKU04,4,114
C014,SKU04,5,126
C014,SKU04,6,126
C014,SKU04,7,138
C014,SKU04,8,168
C014,SKU04,9,144
C014,SKU04,10,150
C014,SKU05,1,120
C014,SKU05,2,132
C014,SKU05,3,108
C014,SKU05,4,108
C014,SKU05,5,114
C014,SKU05,6,126
C014,SKU05,7,132
C014,SKU05,8,156
C014,SKU05,9,168
C014,SKU05,10,138
C014,SKU06,1,132
C014,SKU06,2,150
C014,SKU06,3,150
C014,SKU06,4,150
C014,SKU06,5,150
C014,SKU06,6,156
C014,SKU06,7,150
C014,SKU06,8,120
C014,SKU06,9,114
C014,SKU06,10,126
C014,SKU07,1,84
C014,SKU07,2,78
C014,SKU07,3,66
C014,SKU07,4,66
C014,SKU07,5,72
C014,SKU07,6,72
C014,SKU07,7,84
C014,SKU07,8,96
C014,SKU07,9,84
C014,SKU07,10,90
C014,SKU08,1,90
C014,SKU08,2,66
C014,SKU08,3,66
C014,SKU08,4,66
C014,SKU08,5,60
C014,SKU08,6,72
C014,SKU08,7,78
C014,SKU08,8,72
C014,SKU08,9,84
C014,SKU08,10,84
C014,SKU09,1,84
C014,SKU09,2,84
C014,SKU09,3,84
C014,SKU09,4,78
C014,SKU09,5,66
C014,SKU09,6,66
C014,SKU09,7,60
C014,SKU09,8,60
C014,SKU09,9,66
C014,SKU09,10,66
C014,SKU10,1,66
C014,SKU10,2,66
C014,SKU10,3,66
C014,SKU10,4,78
C014,SKU10,5,84
C014,SKU10,6,90
C014,SKU10,7,96
C014,SKU10,8,90
C014,SKU10,9,96
C014,SKU10,10,78
C014,SKU11,1,54
C014,SKU11,2,66
C014,SKU11,3,72
C014,SKU11,4,72
C014,SKU11,5,72
C014,SKU11,6,84
C014,SKU11,7,66
C014,SKU11,8,72
C014,SKU11,9,72
C014,SKU11,10,60
C014,SKU12,1,60
C014,SKU12,2,66
C014,SKU12,3,66
C014,SKU12,4,78
C014,SKU12,5,66
C014,SKU12,6,78
C014,SKU12,7,78
C014,SKU12,8,72
C014,SKU12,9,54
C014,SKU12,10,60
C014,SKU13,1,66
C014,SKU13,2,60
C014,SKU13,3,66
C014,SKU13,4,60
C014,SKU13,5,72
C014,SKU13,6,78
C014,SKU13,7,90
C014,SKU13,8,84
C014,SKU13,9,84
C014,SKU13,10,72
C014,SKU14,1,84
C014,SKU14,2,90
C014,SKU14,3,90
C014,SKU14,4,72
C014,SKU14,5,78
C014,SKU14,6,60
C014,SKU14,7,66
C014,SKU14,8,60
C014,SKU14,9,66
C014,SKU14,10,72
C014,SKU15,1,36
C014,SKU15,2,36
C014,SKU15,3,30
C014,SKU15,4,30
C014,SKU15,5,36
C014,SKU15,6,36
C014,SKU15,7,42
C014,SKU15,8,42
C014,SKU15,9,42
C014,SKU15,10,36
C014,SKU16,1,36
C014,SKU16,2,30
C014,SKU16,3,30
C014,SKU16,4,30
C014,SKU16,5,30
C014,SKU16,6,36
C014,SKU16,7,42
C014,SKU16,8,36
C014,SKU16,9,36
C014,SKU16,10,36
C014,SKU17,1,36
C014,SKU17,2,30
C014,SKU17,3,30
C014,SKU17,4,30
C014,SKU17,5,36
C014,SKU17,6,36
C014,SKU17,7,42
C014,SKU17,8,42
C014,SKU17,9,42
C014,SKU17,10,36
C014,SKU18,1,36
C014,SKU18,2,30
C014,SKU18,3,30
C014,SKU18,4,30
C014,SKU18,5,30
C014,SKU18,6,30
C014,SKU18,7,36
C014,SKU18,8,42
C014,SKU18,9,42
C014,SKU18,10,36
C014,SKU19,1,36
C014,SKU19,2,30
C014,SKU19,3,30
C014,SKU19,4,36
C014,SKU19,5,36
C014,SKU19,6,30
C014,SKU19,7,30
C014,SKU19,8,24
C014,SKU19,9,30
C014,SKU19,10,30
C014,SKU20,1,42
C014,SKU20,2,42
C014,SKU20,3,42
C014,SKU20,4,42
C014,SKU20,5,42
C014,SKU20,6,42
C014,SKU20,7,36
C014,SKU20,8,30
C014,SKU20,9,30
C014,SKU20,10,36
C015,SKU01,1,174
C015,SKU01,2,144
C015,SKU01,3,144
C015,SKU01,4,132
C015,SKU01,5,126
C015,SKU01,6,120
C015,SKU01,7,114
C015,SKU01,8,144
C015,SKU01,9,144
C015,SKU01,10,162
C015,SKU02,1,150
C015,SKU02,2,174
C015,SKU02,3,162
C015,SKU02,4,180
C015,SKU02,5,180
C015,SKU02,6,138
C015,SKU02,7,126
C015,SKU02,8,126
C015,SKU02,9,120
C015,SKU02,10,144
C015,SKU03,1,168
C015,SKU03,2,156
C015,SKU03,3,144
C015,SKU03,4,144
C015,SKU03,5,114
C015,SKU03,6,132
C015,SKU03,7,138
C015,SKU03,8,150
C015,SKU03,9,156
C015,SKU03,10,174
C015,SKU04,1,108
C015,SKU04,2,114
C015,SKU04,3,102
C015,SKU04,4,90
C015,SKU04,5,102
C015,SKU04,6,108
C015,SKU04,7,120
C015,SKU04,8,126
C015,SKU04,9,120
C015,SKU04,10,126
C015,SKU05,1,144
C015,SKU05,2,132
C015,SKU05,3,108
C015,SKU05,4,132
C015,SKU05,5,138
C015,SKU05,6,150
C015,SKU05,7,162
C015,SKU05,8,174
C015,SKU05,9,162
C015,SKU05,10,144
C015,SKU06,1,132
C015,SKU06,2,144
C015,SKU06,3,150
C015,SKU06,4,144
C015,SKU06,5,150
C015,SKU06,6,162
C015,SKU06,7,138
C015,SKU06,8,126
C015,SKU06,9,114
C015,SKU06,10,114
C015,SKU07,1,84
C015,SKU07,2,78
C015,SKU07,3,66
C015,SKU07,4,72
C015,SKU07,5,72
C015,SKU07,6,84
C015,SKU07,7,84
C015,SKU07,8,90
C015,SKU07,9,96
C015,SKU07,10,96
C015,SKU08,1,72
C015,SKU08,2,60
C015,SKU08,3,54
C015,SKU08,4,48
C015,SKU08,5,54
C015,SKU08,6,60
C015,SKU08,7,60
C015,SKU08,8,66
C015,SKU08,9,78
C015,SKU08,10,66
C015,SKU09,1,84
C015,SKU09,2,90
C015,SKU09,3,84
C015,SKU09,4,78
C015,SKU09,5,72
C015,SKU09,6,66
C015,SKU09,7,60
C015,SKU09,8,66
C015,SKU09,9,78
C015,SKU09,10,84
C015,SKU10,1,66
C015,SKU10,2,60
C015,SKU10,3,60
C015,SKU10,4,66
C015,SKU10,5,78
C015,SKU10,6,84
C015,SKU10,7,84
C015,SKU10,8,84
C015,SKU10,9,90
C015,SKU10,10,78
C015,SKU11,1,60
C015,SKU11,2,66
C015,SKU11,3,66
C015,SKU11,4,72
C015,SKU11,5,78
C015,SKU11,6,84
C015,SKU11,7,78
C015,SKU11,8,60
C015,SKU11,9,60
C015,SKU11,10,60
C015,SKU12,1,60
C015,SKU12,2,72
C015,SKU12,3,72
C015,SKU12,4,84
C015,SKU12,5,90
C015,SKU12,6,84
C015,SKU12,7,78
C015,SKU12,8,72
C015,SKU12,9,60
C015,SKU12,10,66
C015,SKU13,1,60
C015,SKU13,2,54
C015,SKU13,3,54
C015,SKU13,4,54
C015,SKU13,5,60
C015,SKU13,6,72
C015,SKU13,7,78
C015,SKU13,8,72
C015,SKU13,9,66
C015,SKU13,10,60
C015,SKU14,1,60
C015,SKU14,2,78
C015,SKU14,3,66
C015,SKU14,4,66
C015,SKU14,5,54
C015,SKU14,6,54
C015,SKU14,7,54
C015,SKU14,8,54
C015,SKU14,9,54
C015,SKU14,10,54
C015,SKU15,1,30
C015,SKU15,2,30
C015,SKU15,3,30
C015,SKU15,4,30
C015,SKU15,5,30
C015,SKU15,6,36
C015,SKU15,7,36
C015,SKU15,8,42
C015,SKU15,9,42
C015,SKU15,10,42
C015,SKU16,1,30
C015,SKU16,2,30
C015,SKU16,3,30
C015,SKU16,4,30
C015,SKU16,5,30
C015,SKU16,6,30
C015,SKU16,7,36
C015,SKU16,8,36
C015,SKU16,9,36
C015,SKU16,10,30
C015,SKU17,1,30
C015,SKU17,2,30
C015,SKU17,3,36
C015,SKU17,4,30
C015,SKU17,5,36
C015,SKU17,6,42
C015,SKU17,7,42
C015,SKU17,8,48
C015,SKU17,9,36
C015,SKU17,10,36
C015,SKU18,1,42
C015,SKU18,2,36
C015,SKU18,3,30
C015,SKU18,4,30
C015,SKU18,5,30
C015,SKU18,6,36
C015,SKU18,7,42
C015,SKU18,8,42
C015,SKU18,9,42
C015,SKU18,10,42
C015,SKU19,1,36
C015,SKU19,2,36
C015,SKU19,3,36
C015,SKU19,4,42
C015,SKU19,5,42
C015,SKU19,6,36
C015,SKU19,7,30
C015,SKU19,8,30
C015,SKU19,9,30
C015,SKU19,10,36
C015,SKU20,1,30
C015,SKU20,2,36
C015,SKU20,3,36
C015,SKU20,4,36
C015,SKU20,5,42
C015,SKU20,6,30
C015,SKU20,7,30
C015,SKU20,8,24
C015,SKU20,9,30
C015,SKU20,10,30
C016,SKU01,1,162
C016,SKU01,2,144
C016,SKU01,3,126
C016,SKU01,4,114
C016,SKU01,5,108
C016,SKU01,6,108
C016,SKU01,7,108
C016,SKU01,8,126
C016,SKU01,9,138
C016,SKU01,10,156
C016,SKU02,1,144
C016,SKU02,2,138
C016,SKU02,3,150
C016,SKU02,4,162
C016,SKU02,5,150
C016,SKU02,6,126
C016,SKU02,7,132
C016,SKU02,8,126
C016,SKU02,9,120
C016,SKU02,10,114
C016,SKU03,1,168
C016,SKU03,2,162
C016,SKU03,3,150
C016,SKU03,4,138
C016,SKU03,5,120
C016,SKU03,6,114
C016,SKU03,7,132
C016,SKU03,8,144
C016,SKU03,9,162
C016,SKU03,10,150
C016,SKU04,1,132
C016,SKU04,2,114
C016,SKU04,3,114
C016,SKU04,4,108
C016,SKU04,5,114
C016,SKU04,6,126
C016,SKU04,7,138
C016,SKU04,8,138
C016,SKU04,9,138
C016,SKU04,10,120
C016,SKU05,1,138
C016,SKU05,2,114
C016,SKU05,3,108
C016,SKU05,4,108
C016,SKU05,5,114
C016,SKU05,6,126
C016,SKU05,7,138
C016,SKU05,8,162
C016,SKU05,9,150
C016,SKU05,10,132
C016,SKU06,1,108
C016,SKU06,2,114
C016,SKU06,3,132
C016,SKU06,4,138
C016,SKU06,5,138
C016,SKU06,6,120
C016,SKU06,7,120
C016,SKU06,8,102
C016,SKU06,9,108
C016,SKU06,10,102
C016,SKU07,1,66
C016,SKU07,2,60
C016,SKU07,3,60
C016,SKU07,4,54
C016,SKU07,5,66
C016,SKU07,6,66
C016,SKU07,7,78
C016,SKU07,8,84
C016,SKU07,9,84
C016,SKU07,10,78
C016,SKU08,1,66
C016,SKU08,2,66
C016,SKU08,3,60
C016,SKU08,4,54
C016,SKU08,5,48
C016,SKU08,6,54
C016,SKU08,7,60
C016,SKU08,8,78
C016,SKU08,9,72
C016,SKU08,10,78
C016,SKU09,1,72
C016,SKU09,2,66
C016,SKU09,3,78
C016,SKU09,4,72
C016,SKU09,5,60
C016,SKU09,6,60
C016,SKU09,7,60
C016,SKU09,8,54
C016,SKU09,9,60
C016,SKU09,10,60
C016,SKU10,1,60
C016,SKU10,2,60
C016,SKU10,3,72
C016,SKU10,4,66
C016,SKU10,5,78
C016,SKU10,6,84
C016,SKU10,7,90
C016,SKU10,8,90
C016,SKU10,9,78
C016,SKU10,10,66
C016,SKU11,1,54
C016,SKU11,2,60
C016,SKU11,3,66
C016,SKU11,4,78
C016,SKU11,5,84
C016,SKU11,6,78
C016,SKU11,7,78
C016,SKU11,8,66
C016,SKU11,9,60
C016,SKU11,10,66
C016,SKU12,1,66
C016,SKU12,2,60
C016,SKU12,3,78
C016,SKU12,4,84
C016,SKU12,5,84
C016,SKU12,6,90
C016,SKU12,7,90
C016,SKU12,8,78
C016,SKU12,9,72
C016,SKU12,10,72
C016,SKU13,1,72
C016,SKU13,2,72
C016,SKU13,3,66
C016,SKU13,4,66
C016,SKU13,5,78
C016,SKU13,6,90
C016,SKU13,7,96
C016,SKU13,8,84
C016,SKU13,9,84
C016,SKU13,10,72
C016,SKU14,1,96
C016,SKU14,2,96
C016,SKU14,3,102
C016,SKU14,4,96
C016,SKU14,5,84
C016,SKU14,6,66
C016,SKU14,7,72
C016,SKU14,8,72
C016,SKU14,9,78
C016,SKU14,10,78
C016,SKU15,1,36
C016,SKU15,2,36
C016,SKU15,3,36
C016,SKU15,4,36
C016,SKU15,5,36
C016,SKU15,6,36
C016,SKU15,7,42
C016,SKU15,8,48
C016,SKU15,9,48
C016,SKU15,10,42
C016,SKU16,1,36
C016,SKU16,2,36
C016,SKU16,3,36
C016,SKU16,4,30
C016,SKU16,5,30
C016,SKU16,6,42
C016,SKU16,7,42
C016,SKU16,8,48
C016,SKU16,9,48
C016,SKU16,10,42
C016,SKU17,1,36
C016,SKU17,2,36
C016,SKU17,3,36
C016,SKU17,4,36
C016,SKU17,5,42
C016,SKU17,6,42
C016,SKU17,7,48
C016,SKU17,8,48
C016,SKU17,9,48
C016,SKU17,10,42
C016,SKU18,1,30
C016,SKU18,2,30
C016,SKU18,3,24
C016,SKU18,4,30
C016,SKU18,5,30
C016,SKU18,6,30
C016,SKU18,7,30
C016,SKU18,8,30
C016,SKU18,9,36
C016,SKU18,10,36
C016,SKU19,1,36
C016,SKU19,2,36
C016,SKU19,3,42
C016,SKU19,4,42
C016,SKU19,5,30
C016,SKU19,6,36
C016,SKU19,7,30
C016,SKU19,8,30
C016,SKU19,9,30
C016,SKU19,10,30
C016,SKU20,1,30
C016,SKU20,2,30
C016,SKU20,3,42
C016,SKU20,4,36
C016,SKU20,5,36
C016,SKU20,6,36
C016,SKU20,7,24
C016,SKU20,8,24
C016,SKU20,9,24
C016,SKU20,10,24
C017,SKU01,1,186
C017,SKU01,2,168
C017,SKU01,3,150
C017,SKU01,4,138
C017,SKU01,5,132
C017,SKU01,6,156
C017,SKU01,7,156
C017,SKU01,8,180
C017,SKU01,9,174
C017,SKU01,10,180
C017,SKU02,1,186
C017,SKU02,2,204
C017,SKU02,3,210
C017,SKU02,4,204
C017,SKU02,5,198
C017,SKU02,6,186
C017,SKU02,7,186
C017,SKU02,8,150
C017,SKU02,9,156
C017,SKU02,10,186
C017,SKU03,1,174
C017,SKU03,2,186
C017,SKU03,3,150
C017,SKU03,4,132
C017,SKU03,5,138
C017,SKU03,6,132
C017,SKU03,7,150
C017,SKU03,8,168
C017,SKU03,9,162
C017,SKU03,10,186
C017,SKU04,1,168
C017,SKU04,2,168
C017,SKU04,3,144
C017,SKU04,4,150
C017,SKU04,5,150
C017,SKU04,6,180
C017,SKU04,7,186
C017,SKU04,8,216
C017,SKU04,9,186
C017,SKU04,10,192
C017,SKU05,1,186
C017,SKU05,2,162
C017,SKU05,3,156
C017,SKU05,4,162
C017,SKU05,5,174
C017,SKU05,6,168
C017,SKU05,7,192
C017,SKU05,8,216
C017,SKU05,9,222
C017,SKU05,10,204
C017,SKU06,1,144
C017,SKU06,2,168
C017,SKU06,3,198
C017,SKU06,4,198
C017,SKU06,5,198
C017,SKU06,6,198
C017,SKU06,7,168
C017,SKU06,8,168
C017,SKU06,9,144
C017,SKU06,10,144
C017,SKU07,1,102
C017,SKU07,2,78
C017,SKU07,3,78
C017,SKU07,4,90
C017,SKU07,5,84
C017,SKU07,6,96
C017,SKU07,7,108
C017,SKU07,8,108
C017,SKU07,9,114
C017,SKU07,10,96
C017,SKU08,1,102
C017,SKU08,2,102
C017,SKU08,3,84
C017,SKU08,4,84
C017,SKU08,5,78
C017,SKU08,6,84
C017,SKU08,7,96
C017,SKU08,8,102
C017,SKU08,9,120
C017,SKU08,10,108
C017,SKU09,1,132
C017,SKU09,2,126
C017,SKU09,3,114
C017,SKU09,4,114
C017,SKU09,5,114
C017,SKU09,6,96
C017,SKU09,7,84
C017,SKU09,8,96
C017,SKU09,9,108
C017,SKU09,10,114
C017,SKU10,1,84
C017,SKU10,2,72
C017,SKU10,3,72
C017,SKU10,4,84
C017,SKU10,5,84
C017,SKU10,6,90
C017,SKU10,7,90
C017,SKU10,8,108
C017,SKU10,9,102
C017,SKU10,10,90
C017,SKU11,1,84
C017,SKU11,2,96
C017,SKU11,3,102
C017,SKU11,4,102
C017,SKU11,5,120
C017,SKU11,6,132
C017,SKU11,7,102
C017,SKU11,8,102
C017,SKU11,9,90
C017,SKU11,10,84
C017,SKU12,1,90
C017,SKU12,2,96
C017,SKU12,3,114
C017,SKU12,4,108
C017,SKU12,5,126
C017,SKU12,6,120
C017,SKU12,7,120
C017,SKU12,8,120
C017,SKU12,9,102
C017,SKU12,10,90
C017,SKU13,1,90
C017,SKU13,2,84
C017,SKU13,3,84
C017,SKU13,4,96
C017,SKU13,5,108
C017,SKU13,6,120
C017,SKU13,7,132
C017,SKU13,8,120
C017,SKU13,9,114
C017,SKU13,10,96
C017,SKU14,1,90
C017,SKU14,2,96
C017,SKU14,3,102
C017,SKU14,4,84
C017,SKU14,5,78
C017,SKU14,6,78
C017,SKU14,7,66
C017,SKU14,8,66
C017,SKU14,9,78
C017,SKU14,10,78
C017,SKU15,1,48
C017,SKU15,2,42
C017,SKU15,3,42
C017,SKU15,4,48
C017,SKU15,5,42
C017,SKU15,6,54
C017,SKU15,7,48
C017,SKU15,8,60
C017,SKU15,9,54
C017,SKU15,10,54
C017,SKU16,1,54
C017,SKU16,2,42
C017,SKU16,3,36
C017,SKU16,4,36
C017,SKU16,5,48
C017,SKU16,6,48
C017,SKU16,7,54
C017,SKU16,8,54
C017,SKU16,9,54
C017,SKU16,10,48
C017,SKU17,1,54
C017,SKU17,2,54
C017,SKU17,3,48
C017,SKU17,4,54
C017,SKU17,5,60
C017,SKU17,6,60
C017,SKU17,7,66
C017,SKU17,8,66
C017,SKU17,9,66
C017,SKU17,10,60
C017,SKU18,1,48
C017,SKU18,2,48
C017,SKU18,3,36
C017,SKU18,4,42
C017,SKU18,5,42
C017,SKU18,6,42
C017,SKU18,7,48
C017,SKU18,8,48
C017,SKU18,9,48
C017,SKU18,10,48
C017,SKU19,1,48
C017,SKU19,2,48
C017,SKU19,3,60
C017,SKU19,4,60
C017,SKU19,5,48
C017,SKU19,6,48
C017,SKU19,7,48
C017,SKU19,8,36
C017,SKU19,9,36
C017,SKU19,10,42
C017,SKU20,1,48
C017,SKU20,2,60
C017,SKU20,3,54
C017,SKU20,4,60
C017,SKU20,5,54
C017,SKU20,6,48
C017,SKU20,7,48
C017,SKU20,8,48
C017,SKU20,9,48
C017,SKU20,10,48
C018,SKU01,1,180
C018,SKU01,2,168
C018,SKU01,3,132
C018,SKU01,4,120
C018,SKU01,5,120
C018,SKU01,6,132
C018,SKU01,7,132
C018,SKU01,8,144
C018,SKU01,9,174
C018,SKU01,10,180
C018,SKU02,1,144
C018,SKU02,2,168
C018,SKU02,3,162
C018,SKU02,4,156
C018,SKU02,5,150
C018,SKU02,6,144
C018,SKU02,7,132
C018,SKU02,8,138
C018,SKU02,9,120
C018,SKU02,10,144
C018,SKU03,1,144
C018,SKU03,2,144
C018,SKU03,3,126
C018,SKU03,4,126
C018,SKU03,5,114
C018,SKU03,6,108
C018,SKU03,7,114
C018,SKU03,8,132
C018,SKU03,9,156
C018,SKU03,10,150
C018,SKU04,1,144
C018,SKU04,2,138
C018,SKU04,3,126
C018,SKU04,4,120
C018,SKU04,5,132
C018,SKU04,6,150
C018,SKU04,7,150
C018,SKU04,8,156
C018,SKU04,9,144
C018,SKU04,10,162
C018,SKU05,1,132
C018,SKU05,2,132
C018,SKU05,3,120
C018,SKU05,4,114
C018,SKU05,5,144
C018,SKU05,6,138
C018,SKU05,7,144
C018,SKU05,8,168
C018,SKU05,9,174
C018,SKU05,10,144
C018,SKU06,1,126
C018,SKU06,2,126
C018,SKU06,3,138
C018,SKU06,4,162
C018,SKU06,5,150
C018,SKU06,6,162
C018,SKU06,7,150
C018,SKU06,8,138
C018,SKU06,9,114
C018,SKU06,10,132
C018,SKU07,1,66
C018,SKU07,2,60
C018,SKU07,3,54
C018,SKU07,4,60
C018,SKU07,5,66
C018,SKU07,6,66
C018,SKU07,7,78
C018,SKU07,8,78
C018,SKU07,9,84
C018,SKU07,10,72
C018,SKU08,1,90
C018,SKU08,2,78
C018,SKU08,3,72
C018,SKU08,4,66
C018,SKU08,5,72
C018,SKU08,6,72
C018,SKU08,7,72
C018,SKU08,8,78
C018,SKU08,9,90
C018,SKU08,10,90
C018,SKU09,1,84
C018,SKU09,2,90
C018,SKU09,3,96
C018,SKU09,4,90
C018,SKU09,5,78
C018,SKU09,6,72
C018,SKU09,7,66
C018,SKU09,8,72
C018,SKU09,9,66
C018,SKU09,10,84
C018,SKU10,1,72
C018,SKU10,2,60
C018,SKU10,3,66
C018,SKU10,4,66
C018,SKU10,5,72
C018,SKU10,6,84
C018,SKU10,7,96
C018,SKU10,8,90
C018,SKU10,9,84
C018,SKU10,10,72
C018,SKU11,1,54
C018,SKU11,2,66
C018,SKU11,3,78
C018,SKU11,4,78
C018,SKU11,5,72
C018,SKU11,6,78
C018,SKU11,7,78
C018,SKU11,8,66
C018,SKU11,9,66
C018,SKU11,10,66
C018,SKU12,1,60
C018,SKU12,2,66
C018,SKU12,3,66
C018,SKU12,4,78
C018,SKU12,5,84
C018,SKU12,6,90
C018,SKU12,7,84
C018,SKU12,8,66
C018,SKU12,9,66
C018,SKU12,10,60
C018,SKU13,1,60
C018,SKU13,2,48
C018,SKU13,3,54
C018,SKU13,4,54
C018,SKU13,5,72
C018,SKU13,6,72
C018,SKU13,7,72
C018,SKU13,8,72
C018,SKU13,9,72
C018,SKU13,10,72
C018,SKU14,1,78
C018,SKU14,2,84
C018,SKU14,3,84
C018,SKU14,4,72
C018,SKU14,5,66
C018,SKU14,6,60
C018,SKU14,7,60
C018,SKU14,8,54
C018,SKU14,9,60
C018,SKU14,10,66
C018,SKU15,1,42
C018,SKU15,2,30
C018,SKU15,3,36
C018,SKU15,4,36
C018,SKU15,5,36
C018,SKU15,6,36
C018,SKU15,7,42
C018,SKU15,8,48
C018,SKU15,9,42
C018,SKU15,10,42
C018,SKU16,1,36
C018,SKU16,2,30
C018,SKU16,3,30
C018,SKU16,4,30
C018,SKU16,5,30
C018,SKU16,6,36
C018,SKU16,7,36
C018,SKU16,8,42
C018,SKU16,9,42
C018,SKU16,10,36
C018,SKU17,1,36
C018,SKU17,2,36
C018,SKU17,3,36
C018,SKU17,4,36
C018,SKU17,5,36
C018,SKU17,6,42
C018,SKU17,7,42
C018,SKU17,8,48
C018,SKU17,9,36
C018,SKU17,10,42
C018,SKU18,1,42
C018,SKU18,2,36
C018,SKU18,3,36
C018,SKU18,4,30
C018,SKU18,5,36
C018,SKU18,6,30
C018,SKU18,7,36
C018,SKU18,8,42
C018,SKU18,9,42
C018,SKU18,10,42
C018,SKU19,1,30
C018,SKU19,2,36
C018,SKU19,3,42
C018,SKU19,4,36
C018,SKU19,5,36
C018,SKU19,6,30
C018,SKU19,7,24
C018,SKU19,8,30
C018,SKU19,9,30
C018,SKU19,10,30
C018,SKU20,1,30
C018,SKU20,2,36
C018,SKU20,3,42
C018,SKU20,4,36
C018,SKU20,5,36
C018,SKU20,6,36
C018,SKU20,7,30
C018,SKU20,8,30
C018,SKU20,9,24
C018,SKU20,10,30
C019,SKU01,1,150
C019,SKU01,2,132
C019,SKU01,3,138
C019,SKU01,4,114
C019,SKU01,5,120
C019,SKU01,6,114
C019,SKU01,7,114
C019,SKU01,8,138
C019,SKU01,9,144
C019,SKU01,10,168
C019,SKU02,1,126
C019,SKU02,2,150
C019,SKU02,3,144
C019,SKU02,4,168
C019,SKU02,5,144
C019,SKU02,6,138
C019,SKU02,7,108
C019,SKU02,8,114
C019,SKU02,9,120
C019,SKU02,10,132
C019,SKU03,1,132
C019,SKU03,2,138
C019,SKU03,3,132
C019,SKU03,4,102
C019,SKU03,5,102
C019,SKU03,6,102
C019,SKU03,7,120
C019,SKU03,8,108
C019,SKU03,9,126
C019,SKU03,10,144
C019,SKU04,1,114
C019,SKU04,2,102
C019,SKU04,3,96
C019,SKU04,4,96
C019,SKU04,5,102
C019,SKU04,6,108
C019,SKU04,7,126
C019,SKU04,8,138
C019,SKU04,9,138
C019,SKU04,10,114
C019,SKU05,1,114
C019,SKU05,2,102
C019,SKU05,3,102
C019,SKU05,4,102
C019,SKU05,5,96
C019,SKU05,6,108
C019,SKU05,7,126
C019,SKU05,8,138
C019,SKU05,9,126
C019,SKU05,10,132
C019,SKU06,1,120
C019,SKU06,2,132
C019,SKU06,3,126
C019,SKU06,4,132
C019,SKU06,5,138
C019,SKU06,6,126
C019,SKU06,7,126
C019,SKU06,8,120
C019,SKU06,9,108
C019,SKU06,10,114
C019,SKU07,1,66
C019,SKU07,2,66
C019,SKU07,3,60
C019,SKU07,4,60
C019,SKU07,5,60
C019,SKU07,6,66
C019,SKU07,7,84
C019,SKU07,8,72
C019,SKU07,9,90
C019,SKU07,10,84
C019,SKU08,1,90
C019,SKU08,2,78
C019,SKU08,3,78
C019,SKU08,4,66
C019,SKU08,5,66
C019,SKU08,6,72
C019,SKU08,7,78
C019,SKU08,8,84
C019,SKU08,9,84
C019,SKU08,10,90
C019,SKU09,1,84
C019,SKU09,2,96
C019,SKU09,3,96
C019,SKU09,4,90
C019,SKU09,5,78
C019,SKU09,6,78
C019,SKU09,7,60
C019,SKU09,8,72
C019,SKU09,9,66
C019,SKU09,10,84
C019,SKU10,1,72
C019,SKU10,2,66
C019,SKU10,3,72
C019,SKU10,4,72
C019,SKU10,5,90
C019,SKU10,6,84
C019,SKU10,7,90
C019,SKU10,8,102
C019,SKU10,9,96
C019,SKU10,10,90
C019,SKU11,1,60
C019,SKU11,2,66
C019,SKU11,3,72
C019,SKU11,4,78
C019,SKU11,5,78
C019,SKU11,6,78
C019,SKU11,7,72
C019,SKU11,8,72
C019,SKU11,9,60
C019,SKU11,10,60
C019,SKU12,1,60
C019,SKU12,2,66
C019,SKU12,3,60
C019,SKU12,4,66
C019,SKU12,5,72
C019,SKU12,6,78
C019,SKU12,7,78
C019,SKU12,8,60
C019,SKU12,9,66
C019,SKU12,10,54
C019,SKU13,1,72
C019,SKU13,2,60
C019,SKU13,3,60
C019,SKU13,4,60
C019,SKU13,5,66
C019,SKU13,6,72
C019,SKU13,7,72
C019,SKU13,8,84
C019,SKU13,9,78
C019,SKU13,10,72
C019,SKU14,1,66
C019,SKU14,2,78
C019,SKU14,3,84
C019,SKU14,4,66
C019,SKU14,5,72
C019,SKU14,6,60
C019,SKU14,7,54
C019,SKU14,8,54
C019,SKU14,9,54
C019,SKU14,10,60
C019,SKU15,1,36
C019,SKU15,2,36
C019,SKU15,3,30
C019,SKU15,4,30
C019,SKU15,5,36
C019,SKU15,6,36
C019,SKU15,7,42
C019,SKU15,8,42
C019,SKU15,9,48
C019,SKU15,10,42
C019,SKU16,1,42
C019,SKU16,2,36
C019,SKU16,3,30
C019,SKU16,4,30
C019,SKU16,5,30
C019,SKU16,6,36
C019,SKU16,7,42
C019,SKU16,8,42
C019,SKU16,9,42
C019,SKU16,10,36
C019,SKU17,1,36
C019,SKU17,2,36
C019,SKU17,3,36
C019,SKU17,4,36
C019,SKU17,5,36
C019,SKU17,6,36
C019,SKU17,7,48
C019,SKU17,8,48
C019,SKU17,9,42
C019,SKU17,10,36
C019,SKU18,1,42
C019,SKU18,2,36
C019,SKU18,3,30
C019,SKU18,4,24
C019,SKU18,5,30
C019,SKU18,6,30
C019,SKU18,7,36
C019,SKU18,8,36
C019,SKU18,9,42
C019,SKU18,10,42
C019,SKU19,1,42
C019,SKU19,2,42
C019,SKU19,3,42
C019,SKU19,4,48
C019,SKU19,5,42
C019,SKU19,6,42
C019,SKU19,7,36
C019,SKU19,8,36
C019,SKU19,9,30
C019,SKU19,10,36
C019,SKU20,1,30
C019,SKU20,2,36
C019,SKU20,3,36
C019,SKU20,4,36
C019,SKU20,5,36
C019,SKU20,6,36
C019,SKU20,7,30
C019,SKU20,8,30
C019,SKU20,9,24
C019,SKU20,10,30
C020,SKU01,1,204
C020,SKU01,2,198
C020,SKU01,3,168
C020,SKU01,4,144
C020,SKU01,5,150
C020,SKU01,6,138
C020,SKU01,7,162
C020,SKU01,8,180
C020,SKU01,9,198
C020,SKU01,10,210
C020,SKU02,1,198
C020,SKU02,2,228
C020,SKU02,3,234
C020,SKU02,4,210
C020,SKU02,5,198
C020,SKU02,6,192
C020,SKU02,7,180
C020,SKU02,8,174
C020,SKU02,9,180
C020,SKU02,10,168
C020,SKU03,1,198
C020,SKU03,2,156
C020,SKU03,3,156
C020,SKU03,4,144
C020,SKU03,5,138
C020,SKU03,6,126
C020,SKU03,7,132
C020,SKU03,8,144
C020,SKU03,9,174
C020,SKU03,10,180
C020,SKU04,1,168
C020,SKU04,2,162
C020,SKU04,3,126
C020,SKU04,4,138
C020,SKU04,5,156
C020,SKU04,6,156
C020,SKU04,7,174
C020,SKU04,8,192
C020,SKU04,9,204
C020,SKU04,10,192
C020,SKU05,1,192
C020,SKU05,2,162
C020,SKU05,3,162
C020,SKU05,4,156
C020,SKU05,5,156
C020,SKU05,6,192
C020,SKU05,7,198
C020,SKU05,8,204
C020,SKU05,9,228
C020,SKU05,10,180
C020,SKU06,1,138
C020,SKU06,2,180
C020,SKU06,3,192
C020,SKU06,4,186
C020,SKU06,5,198
C020,SKU06,6,180
C020,SKU06,7,174
C020,SKU06,8,150
C020,SKU06,9,144
C020,SKU06,10,156
C020,SKU07,1,84
C020,SKU07,2,84
C020,SKU07,3,84
C020,SKU07,4,78
C020,SKU07,5,72
C020,SKU07,6,90
C020,SKU07,7,96
C020,SKU07,8,96
C020,SKU07,9,108
C020,SKU07,10,108
C020,SKU08,1,102
C020,SKU08,2,96
C020,SKU08,3,78
C020,SKU08,4,90
C020,SKU08,5,78
C020,SKU08,6,84
C020,SKU08,7,96
C020,SKU08,8,102
C020,SKU08,9,114
C020,SKU08,10,102
C020,SKU09,1,126
C020,SKU09,2,126
C020,SKU09,3,132
C020,SKU09,4,108
C020,SKU09,5,108
C020,SKU09,6,96
C020,SKU09,7,90
C020,SKU09,8,90
C020,SKU09,9,96
C020,SKU09,10,96
C020,SKU10,1,78
C020,SKU10,2,84
C020,SKU10,3,78
C020,SKU10,4,78
C020,SKU10,5,96
C020,SKU10,6,102
C020,SKU10,7,114
C020,SKU10,8,108
C020,SKU10,9,102
C020,SKU10,10,102
C020,SKU11,1,78
C020,SKU11,2,90
C020,SKU11,3,108
C020,SKU11,4,102
C020,SKU11,5,108
C020,SKU11,6,102
C020,SKU11,7,102
C020,SKU11,8,96
C020,SKU11,9,90
C020,SKU11,10,78
C020,SKU12,1,102
C020,SKU12,2,102
C020,SKU12,3,120
C020,SKU12,4,108
C020,SKU12,5,126
C020,SKU12,6,126
C020,SKU12,7,126
C020,SKU12,8,114
C020,SKU12,9,96
C020,SKU12,10,102
C020,SKU13,1,84
C020,SKU13,2,78
C020,SKU13,3,72
C020,SKU13,4,84
C020,SKU13,5,78
C020,SKU13,6,90
C020,SKU13,7,96
C020,SKU13,8,102
C020,SKU13,9,102
C020,SKU13,10,90
C020,SKU14,1,114
C020,SKU14,2,120
C020,SKU14,3,102
C020,SKU14,4,114
C020,SKU14,5,90
C020,SKU14,6,96
C020,SKU14,7,78
C020,SKU14,8,78
C020,SKU14,9,90
C020,SKU14,10,102
C020,SKU15,1,42
C020,SKU15,2,42
C020,SKU15,3,42
C020,SKU15,4,42
C020,SKU15,5,42
C020,SKU15,6,48
C020,SKU15,7,48
C020,SKU15,8,54
C020,SKU15,9,60
C020,SKU15,10,54
C020,SKU16,1,48
C020,SKU16,2,42
C020,SKU16,3,42
C020,SKU16,4,42
C020,SKU16,5,42
C020,SKU16,6,48
C020,SKU16,7,48
C020,SKU16,8,60
C020,SKU16,9,54
C020,SKU16,10,54
C020,SKU17,1,42
C020,SKU17,2,36
C020,SKU17,3,36
C020,SKU17,4,36
C020,SKU17,5,48
C020,SKU17,6,54
C020,SKU17,7,54
C020,SKU17,8,48
C020,SKU17,9,48
C020,SKU17,10,42
C020,SKU18,1,48
C020,SKU18,2,42
C020,SKU18,3,42
C020,SKU18,4,42
C020,SKU18,5,36
C020,SKU18,6,42
C020,SKU18,7,48
C020,SKU18,8,54
C020,SKU18,9,54
C020,SKU18,10,60
C020,SKU19,1,42
C020,SKU19,2,42
C020,SKU19,3,48
C020,SKU19,4,48
C020,SKU19,5,48
C020,SKU19,6,48
C020,SKU19,7,42
C020,SKU19,8,42
C020,SKU19,9,36
C020,SKU19,10,36
C020,SKU20,1,42
C020,SKU20,2,48
C020,SKU20,3,48
C020,SKU20,4,42
C020,SKU20,5,48
C020,SKU20,6,42
C020,SKU20,7,36
C020,SKU20,8,30
C020,SKU20,9,36
C020,SKU20,10,36
C021,SKU01,1,180
C021,SKU01,2,162
C021,SKU01,3,156
C021,SKU01,4,156
C021,SKU01,5,138
C021,SKU01,6,150
C021,SKU01,7,132
C021,SKU01,8,156
C021,SKU01,9,174
C021,SKU01,10,168
C021,SKU02,1,156
C021,SKU02,2,168
C021,SKU02,3,168
C021,SKU02,4,174
C021,SKU02,5,162
C021,SKU02,6,138
C021,SKU02,7,132
C021,SKU02,8,120
C021,SKU02,9,120
C021,SKU02,10,150
C021,SKU03,1,222
C021,SKU03,2,192
C021,SKU03,3,180
C021,SKU03,4,156
C021,SKU03,5,144
C021,SKU03,6,150
C021,SKU03,7,180
C021,SKU03,8,192
C021,SKU03,9,204
C021,SKU03,10,210
C021,SKU04,1,186
C021,SKU04,2,174
C021,SKU04,3,168
C021,SKU04,4,180
C021,SKU04,5,204
C021,SKU04,6,192
C021,SKU04,7,234
C021,SKU04,8,246
C021,SKU04,9,216
C021,SKU04,10,216
C021,SKU05,1,192
C021,SKU05,2,150
C021,SKU05,3,156
C021,SKU05,4,144
C021,SKU05,5,168
C021,SKU05,6,168
C021,SKU05,7,192
C021,SKU05,8,210
C021,SKU05,9,210
C021,SKU05,10,204
C021,SKU06,1,144
C021,SKU06,2,144
C021,SKU06,3,168
C021,SKU06,4,180
C021,SKU06,5,174
C021,SKU06,6,168
C021,SKU06,7,168
C021,SKU06,8,132
C021,SKU06,9,138
C021,SKU06,10,132
C021,SKU07,1,78
C021,SKU07,2,84
C021,SKU07,3,78
C021,SKU07,4,78
C021,SKU07,5,84
C021,SKU07,6,84
C021,SKU07,7,90
C021,SKU07,8,102
C021,SKU07,9,96
C021,SKU07,10,90
C021,SKU08,1,102
C021,SKU08,2,96
C021,SKU08,3,78
C021,SKU08,4,78
C021,SKU08,5,78
C021,SKU08,6,84
C021,SKU08,7,90
C021,SKU08,8,108
C021,SKU08,9,96
C021,SKU08,10,102
C021,SKU09,1,114
C021,SKU09,2,114
C021,SKU09,3,126
C021,SKU09,4,114
C021,SKU09,5,114
C021,SKU09,6,102
C021,SKU09,7,90
C021,SKU09,8,90
C021,SKU09,9,90
C021,SKU09,10,102
C021,SKU10,1,90
C021,SKU10,2,84
C021,SKU10,3,78
C021,SKU10,4,78
C021,SKU10,5,96
C021,SKU10,6,96
C021,SKU10,7,114
C021,SKU10,8,96
C021,SKU10,9,102
C021,SKU10,10,102
C021,SKU11,1,72
C021,SKU11,2,72
C021,SKU11,3,90
C021,SKU11,4,96
C021,SKU11,5,96
C021,SKU11,6,102
C021,SKU11,7,102
C021,SKU11,8,84
C021,SKU11,9,72
C021,SKU11,10,78
C021,SKU12,1,90
C021,SKU12,2,90
C021,SKU12,3,108
C021,SKU12,4,108
C021,SKU12,5,120
C021,SKU12,6,126
C021,SKU12,7,108
C021,SKU12,8,96
C021,SKU12,9,84
C021,SKU12,10,78
C021,SKU13,1,78
C021,SKU13,2,78
C021,SKU13,3,78
C021,SKU13,4,78
C021,SKU13,5,90
C021,SKU13,6,90
C021,SKU13,7,96
C021,SKU13,8,96
C021,SKU13,9,96
C021,SKU13,10,84
C021,SKU14,1,96
C021,SKU14,2,108
C021,SKU14,3,96
C021,SKU14,4,102
C021,SKU14,5,96
C021,SKU14,6,90
C021,SKU14,7,84
C021,SKU14,8,72
C021,SKU14,9,78
C021,SKU14,10,96
C021,SKU15,1,48
C021,SKU15,2,48
C021,SKU15,3,42
C021,SKU15,4,42
C021,SKU15,5,48
C021,SKU15,6,48
C021,SKU15,7,48
C021,SKU15,8,60
C021,SKU15,9,48
C021,SKU15,10,48
C021,SKU16,1,54
C021,SKU16,2,48
C021,SKU16,3,42
C021,SKU16,4,48
C021,SKU16,5,48
C021,SKU16,6,54
C021,SKU16,7,54
C021,SKU16,8,66
C021,SKU16,9,66
C021,SKU16,10,54
C021,SKU17,1,42
C021,SKU17,2,42
C021,SKU17,3,42
C021,SKU17,4,48
C021,SKU17,5,48
C021,SKU17,6,54
C021,SKU17,7,54
C021,SKU17,8,54
C021,SKU17,9,54
C021,SKU17,10,48
C021,SKU18,1,48
C021,SKU18,2,48
C021,SKU18,3,42
C021,SKU18,4,36
C021,SKU18,5,36
C021,SKU18,6,36
C021,SKU18,7,42
C021,SKU18,8,48
C021,SKU18,9,54
C021,SKU18,10,48
C021,SKU19,1,48
C021,SKU19,2,48
C021,SKU19,3,60
C021,SKU19,4,60
C021,SKU19,5,48
C021,SKU19,6,48
C021,SKU19,7,48
C021,SKU19,8,42
C021,SKU19,9,36
C021,SKU19,10,48
C021,SKU20,1,48
C021,SKU20,2,48
C021,SKU20,3,54
C021,SKU20,4,48
C021,SKU20,5,48
C021,SKU20,6,48
C021,SKU20,7,48
C021,SKU20,8,42
C021,SKU20,9,36
C021,SKU20,10,48
C022,SKU01,1,174
C022,SKU01,2,150
C022,SKU01,3,150
C022,SKU01,4,144
C022,SKU01,5,132
C022,SKU01,6,120
C022,SKU01,7,132
C022,SKU01,8,150
C022,SKU01,9,162
C022,SKU01,10,156
C022,SKU02,1,132
C022,SKU02,2,144
C022,SKU02,3,132
C022,SKU02,4,156
C022,SKU02,5,132
C022,SKU02,6,126
C022,SKU02,7,120
C022,SKU02,8,114
C022,SKU02,9,114
C022,SKU02,10,108
C022,SKU03,1,156
C022,SKU03,2,168
C022,SKU03,3,156
C022,SKU03,4,138
C022,SKU03,5,120
C022,SKU03,6,132
C022,SKU03,7,126
C022,SKU03,8,132
C022,SKU03,9,168
C022,SKU03,10,168
C022,SKU04,1,144
C022,SKU04,2,126
C022,SKU04,3,132
C022,SKU04,4,126
C022,SKU04,5,126
C022,SKU04,6,150
C022,SKU04,7,162
C022,SKU04,8,168
C022,SKU04,9,168
C022,SKU04,10,168
C022,SKU05,1,150
C022,SKU05,2,120
C022,SKU05,3,132
C022,SKU05,4,126
C022,SKU05,5,138
C022,SKU05,6,144
C022,SKU05,7,168
C022,SKU05,8,174
C022,SKU05,9,150
C022,SKU05,10,156
C022,SKU06,1,120
C022,SKU06,2,162
C022,SKU06,3,168
C022,SKU06,4,174
C022,SKU06,5,162
C022,SKU06,6,150
C022,SKU06,7,162
C022,SKU06,8,126
C022,SKU06,9,132
C022,SKU06,10,126
C022,SKU07,1,60
C022,SKU07,2,60
C022,SKU07,3,60
C022,SKU07,4,54
C022,SKU07,5,54
C022,SKU07,6,60
C022,SKU07,7,72
C022,SKU07,8,72
C022,SKU07,9,78
C022,SKU07,10,72
C022,SKU08,1,72
C022,SKU08,2,78
C022,SKU08,3,60
C022,SKU08,4,54
C022,SKU08,5,66
C022,SKU08,6,66
C022,SKU08,7,72
C022,SKU08,8,78
C022,SKU08,9,90
C022,SKU08,10,78
C022,SKU09,1,90
C022,SKU09,2,90
C022,SKU09,3,90
C022,SKU09,4,84
C022,SKU09,5,84
C022,SKU09,6,72
C022,SKU09,7,66
C022,SKU09,8,66
C022,SKU09,9,78
C022,SKU09,10,78
C022,SKU10,1,72
C022,SKU10,2,66
C022,SKU10,3,66
C022,SKU10,4,72
C022,SKU10,5,78
C022,SKU10,6,78
C022,SKU10,7,102
C022,SKU10,8,102
C022,SKU10,9,90
C022,SKU10,10,78
C022,SKU11,1,48
C022,SKU11,2,60
C022,SKU11,3,72
C022,SKU11,4,66
C022,SKU11,5,66
C022,SKU11,6,72
C022,SKU11,7,66
C022,SKU11,8,60
C022,SKU11,9,60
C022,SKU11,10,60
C022,SKU12,1,48
C022,SKU12,2,66
C022,SKU12,3,60
C022,SKU12,4,66
C022,SKU12,5,66
C022,SKU12,6,66
C022,SKU12,7,66
C022,SKU12,8,66
C022,SKU12,9,54
C022,SKU12,10,54
C022,SKU13,1,72
C022,SKU13,2,72
C022,SKU13,3,72
C022,SKU13,4,60
C022,SKU13,5,78
C022,SKU13,6,84
C022,SKU13,7,96
C022,SKU13,8,84
C022,SKU13,9,90
C022,SKU13,10,78
C022,SKU14,1,72
C022,SKU14,2,84
C022,SKU14,3,84
C022,SKU14,4,66
C022,SKU14,5,72
C022,SKU14,6,60
C022,SKU14,7,54
C022,SKU14,8,54
C022,SKU14,9,60
C022,SKU14,10,72
C022,SKU15,1,36
C022,SKU15,2,30
C022,SKU15,3,30
C022,SKU15,4,30
C022,SKU15,5,30
C022,SKU15,6,30
C022,SKU15,7,36
C022,SKU15,8,42
C022,SKU15,9,36
C022,SKU15,10,36
C022,SKU16,1,36
C022,SKU16,2,36
C022,SKU16,3,30
C022,SKU16,4,30
C022,SKU16,5,30
C022,SKU16,6,36
C022,SKU16,7,36
C022,SKU16,8,36
C022,SKU16,9,36
C022,SKU16,10,36
C022,SKU17,1,30
C022,SKU17,2,24
C022,SKU17,3,30
C022,SKU17,4,30
C022,SKU17,5,30
C022,SKU17,6,36
C022,SKU17,7,36
C022,SKU17,8,42
C022,SKU17,9,36
C022,SKU17,10,30
C022,SKU18,1,42
C022,SKU18,2,42
C022,SKU18,3,36
C022,SKU18,4,36
C022,SKU18,5,30
C022,SKU18,6,36
C022,SKU18,7,42
C022,SKU18,8,48
C022,SKU18,9,48
C022,SKU18,10,48
C022,SKU19,1,36
C022,SKU19,2,42
C022,SKU19,3,42
C022,SKU19,4,42
C022,SKU19,5,42
C022,SKU19,6,42
C022,SKU19,7,36
C022,SKU19,8,36
C022,SKU19,9,30
C022,SKU19,10,36
C022,SKU20,1,36
C022,SKU20,2,42
C022,SKU20,3,42
C022,SKU20,4,36
C022,SKU20,5,42
C022,SKU20,6,36
C022,SKU20,7,30
C022,SKU20,8,30
C022,SKU20,9,30
C022,SKU20,10,30
C023,SKU01,1,186
C023,SKU01,2,156
C023,SKU01,3,138
C023,SKU01,4,126
C023,SKU01,5,126
C023,SKU01,6,138
C023,SKU01,7,126
C023,SKU01,8,156
C023,SKU01,9,150
C023,SKU01,10,186
C023,SKU02,1,132
C023,SKU02,2,132
C023,SKU02,3,150
C023,SKU02,4,138
C023,SKU02,5,126
C023,SKU02,6,138
C023,SKU02,7,126
C023,SKU02,8,120
C023,SKU02,9,114
C023,SKU02,10,126
C023,SKU03,1,126
C023,SKU03,2,120
C023,SKU03,3,120
C023,SKU03,4,102
C023,SKU03,5,90
C023,SKU03,6,102
C023,SKU03,7,114
C023,SKU03,8,114
C023,SKU03,9,114
C023,SKU03,10,126
C023,SKU04,1,114
C023,SKU04,2,114
C023,SKU04,3,108
C023,SKU04,4,108
C023,SKU04,5,108
C023,SKU04,6,132
C023,SKU04,7,126
C023,SKU04,8,138
C023,SKU04,9,150
C023,SKU04,10,126
C023,SKU05,1,126
C023,SKU05,2,102
C023,SKU05,3,102
C023,SKU05,4,90
C023,SKU05,5,108
C023,SKU05,6,114
C023,SKU05,7,114
C023,SKU05,8,138
C023,SKU05,9,126
C023,SKU05,10,126
C023,SKU06,1,96
C023,SKU06,2,108
C023,SKU06,3,114
C023,SKU06,4,144
C023,SKU06,5,120
C023,SKU06,6,126
C023,SKU06,7,108
C023,SKU06,8,102
C023,SKU06,9,108
C023,SKU06,10,90
C023,SKU07,1,78
C023,SKU07,2,78
C023,SKU07,3,72
C023,SKU07,4,78
C023,SKU07,5,78
C023,SKU07,6,84
C023,SKU07,7,84
C023,SKU07,8,90
C023,SKU07,9,102
C023,SKU07,10,84
C023,SKU08,1,78
C023,SKU08,2,66
C023,SKU08,3,66
C023,SKU08,4,60
C023,SKU08,5,60
C023,SKU08,6,66
C023,SKU08,7,66
C023,SKU08,8,72
C023,SKU08,9,78
C023,SKU08,10,72
C023,SKU09,1,90
C023,SKU09,2,84
C023,SKU09,3,84
C023,SKU09,4,90
C023,SKU09,5,78
C023,SKU09,6,72
C023,SKU09,7,66
C023,SKU09,8,72
C023,SKU09,9,72
C023,SKU09,10,84
C023,SKU10,1,72
C023,SKU10,2,66
C023,SKU10,3,72
C023,SKU10,4,72
C023,SKU10,5,84
C023,SKU10,6,96
C023,SKU10,7,90
C023,SKU10,8,96
C023,SKU10,9,90
C023,SKU10,10,84
C023,SKU11,1,54
C023,SKU11,2,60
C023,SKU11,3,72
C023,SKU11,4,78
C023,SKU11,5,84
C023,SKU11,6,78
C023,SKU11,7,78
C023,SKU11,8,66
C023,SKU11,9,66
C023,SKU11,10,60
C023,SKU12,1,54
C023,SKU12,2,60
C023,SKU12,3,66
C023,SKU12,4,66
C023,SKU12,5,84
C023,SKU12,6,78
C023,SKU12,7,78
C023,SKU12,8,66
C023,SKU12,9,60
C023,SKU12,10,60
C023,SKU13,1,66
C023,SKU13,2,60
C023,SKU13,3,60
C023,SKU13,4,60
C023,SKU13,5,66
C023,SKU13,6,72
C023,SKU13,7,78
C023,SKU13,8,90
C023,SKU13,9,72
C023,SKU13,10,72
C023,SKU14,1,90
C023,SKU14,2,84
C023,SKU14,3,96
C023,SKU14,4,90
C023,SKU14,5,84
C023,SKU14,6,78
C023,SKU14,7,72
C023,SKU14,8,72
C023,SKU14,9,72
C023,SKU14,10,84
C023,SKU15,1,36
C023,SKU15,2,24
C023,SKU15,3,24
C023,SKU15,4,30
C023,SKU15,5,30
C023,SKU15,6,30
C023,SKU15,7,36
C023,SKU15,8,36
C023,SKU15,9,36
C023,SKU15,10,36
C023,SKU16,1,36
C023,SKU16,2,30
C023,SKU16,3,24
C023,SKU16,4,24
C023,SKU16,5,24
C023,SKU16,6,30
C023,SKU16,7,36
C023,SKU16,8,36
C023,SKU16,9,36
C023,SKU16,10,30
C023,SKU17,1,30
C023,SKU17,2,24
C023,SKU17,3,30
C023,SKU17,4,30
C023,SKU17,5,30
C023,SKU17,6,36
C023,SKU17,7,36
C023,SKU17,8,36
C023,SKU17,9,36
C023,SKU17,10,30
C023,SKU18,1,36
C023,SKU18,2,30
C023,SKU18,3,30
C023,SKU18,4,24
C023,SKU18,5,30
C023,SKU18,6,30
C023,SKU18,7,30
C023,SKU18,8,36
C023,SKU18,9,36
C023,SKU18,10,36
C023,SKU19,1,42
C023,SKU19,2,42
C023,SKU19,3,42
C023,SKU19,4,42
C023,SKU19,5,42
C023,SKU19,6,42
C023,SKU19,7,36
C023,SKU19,8,30
C023,SKU19,9,36
C023,SKU19,10,36
C023,SKU20,1,36
C023,SKU20,2,42
C023,SKU20,3,36
C023,SKU20,4,36
C023,SKU20,5,36
C023,SKU20,6,36
C023,SKU20,7,30
C023,SKU20,8,30
C023,SKU20,9,30
C023,SKU20,10,30
C024,SKU01,1,186
C024,SKU01,2,162
C024,SKU01,3,144
C024,SKU01,4,144
C024,SKU01,5,114
C024,SKU01,6,126
C024,SKU01,7,132
C024,SKU01,8,162
C024,SKU01,9,144
C024,SKU01,10,174
C024,SKU02,1,144
C024,SKU02,2,144
C024,SKU02,3,180
C024,SKU02,4,162
C024,SKU02,5,156
C024,SKU02,6,132
C024,SKU02,7,126
C024,SKU02,8,120
C024,SKU02,9,114
C024,SKU02,10,120
C024,SKU03,1,156
C024,SKU03,2,150
C024,SKU03,3,144
C024,SKU03,4,138
C024,SKU03,5,114
C024,SKU03,6,126
C024,SKU03,7,120
C024,SKU03,8,132
C024,SKU03,9,144
C024,SKU03,10,180
C024,SKU04,1,108
C024,SKU04,2,108
C024,SKU04,3,108
C024,SKU04,4,96
C024,SKU04,5,102
C024,SKU04,6,108
C024,SKU04,7,126
C024,SKU04,8,138
C024,SKU04,9,138
C024,SKU04,10,120
C024,SKU05,1,114
C024,SKU05,2,108
C024,SKU05,3,96
C024,SKU05,4,114
C024,SKU05,5,126
C024,SKU05,6,138
C024,SKU05,7,144
C024,SKU05,8,144
C024,SKU05,9,150
C024,SKU05,10,132
C024,SKU06,1,126
C024,SKU06,2,138
C024,SKU06,3,156
C024,SKU06,4,150
C024,SKU06,5,150
C024,SKU06,6,162
C024,SKU06,7,126
C024,SKU06,8,126
C024,SKU06,9,126
C024,SKU06,10,120
C024,SKU07,1,72
C024,SKU07,2,66
C024,SKU07,3,66
C024,SKU07,4,66
C024,SKU07,5,66
C024,SKU07,6,66
C024,SKU07,7,72
C024,SKU07,8,90
C024,SKU07,9,84
C024,SKU07,10,84
C024,SKU08,1,72
C024,SKU08,2,66
C024,SKU08,3,60
C024,SKU08,4,48
C024,SKU08,5,54
C024,SKU08,6,60
C024,SKU08,7,60
C024,SKU08,8,72
C024,SKU08,9,72
C024,SKU08,10,78
C024,SKU09,1,78
C024,SKU09,2,84
C024,SKU09,3,78
C024,SKU09,4,90
C024,SKU09,5,78
C024,SKU09,6,72
C024,SKU09,7,60
C024,SKU09,8,60
C024,SKU09,9,72
C024,SKU09,10,72
C024,SKU10,1,60
C024,SKU10,2,54
C024,SKU10,3,54
C024,SKU10,4,60
C024,SKU10,5,60
C024,SKU10,6,78
C024,SKU10,7,72
C024,SKU10,8,72
C024,SKU10,9,66
C024,SKU10,10,72
C024,SKU11,1,60
C024,SKU11,2,60
C024,SKU11,3,66
C024,SKU11,4,78
C024,SKU11,5,84
C024,SKU11,6,84
C024,SKU11,7,72
C024,SKU11,8,72
C024,SKU11,9,72
C024,SKU11,10,60
C024,SKU12,1,60
C024,SKU12,2,78
C024,SKU12,3,84
C024,SKU12,4,96
C024,SKU12,5,96
C024,SKU12,6,90
C024,SKU12,7,96
C024,SKU12,8,78
C024,SKU12,9,72
C024,SKU12,10,72
C024,SKU13,1,78
C024,SKU13,2,60
C024,SKU13,3,72
C024,SKU13,4,72
C024,SKU13,5,72
C024,SKU13,6,84
C024,SKU13,7,84
C024,SKU13,8,84
C024,SKU13,9,90
C024,SKU13,10,78
C024,SKU14,1,90
C024,SKU14,2,84
C024,SKU14,3,90
C024,SKU14,4,84
C024,SKU14,5,84
C024,SKU14,6,66
C024,SKU14,7,72
C024,SKU14,8,60
C024,SKU14,9,66
C024,SKU14,10,78
C024,SKU15,1,36
C024,SKU15,2,30
C024,SKU15,3,30
C024,SKU15,4,30
C024,SKU15,5,30
C024,SKU15,6,36
C024,SKU15,7,36
C024,SKU15,8,36
C024,SKU15,9,36
C024,SKU15,10,36
C024,SKU16,1,30
C024,SKU16,2,30
C024,SKU16,3,24
C024,SKU16,4,30
C024,SKU16,5,30
C024,SKU16,6,30
C024,SKU16,7,36
C024,SKU16,8,36
C024,SKU16,9,36
C024,SKU16,10,30
C024,SKU17,1,36
C024,SKU17,2,30
C024,SKU17,3,30
C024,SKU17,4,36
C024,SKU17,5,36
C024,SKU17,6,42
C024,SKU17,7,48
C024,SKU17,8,48
C024,SKU17,9,42
C024,SKU17,10,42
C024,SKU18,1,42
C024,SKU18,2,42
C024,SKU18,3,36
C024,SKU18,4,36
C024,SKU18,5,36
C024,SKU18,6,36
C024,SKU18,7,42
C024,SKU18,8,42
C024,SKU18,9,42
C024,SKU18,10,48
C024,SKU19,1,36
C024,SKU19,2,36
C024,SKU19,3,42
C024,SKU19,4,42
C024,SKU19,5,36
C024,SKU19,6,36
C024,SKU19,7,30
C024,SKU19,8,30
C024,SKU19,9,30
C024,SKU19,10,36
C024,SKU20,1,30
C024,SKU20,2,36
C024,SKU20,3,36
C024,SKU20,4,42
C024,SKU20,5,36
C024,SKU20,6,30
C024,SKU20,7,30
C024,SKU20,8,30
C024,SKU20,9,30
C024,SKU20,10,30
C025,SKU01,1,234
C025,SKU01,2,210
C025,SKU01,3,222
C025,SKU01,4,186
C025,SKU01,5,180
C025,SKU01,6,192
C025,SKU01,7,168
C025,SKU01,8,186
C025,SKU01,9,234
C025,SKU01,10,222
C025,SKU02,1,144
C025,SKU02,2,156
C025,SKU02,3,192
C025,SKU02,4,168
C025,SKU02,5,174
C025,SKU02,6,162
C025,SKU02,7,144
C025,SKU02,8,126
C025,SKU02,9,144
C025,SKU02,10,132
C025,SKU03,1,234
C025,SKU03,2,204
C025,SKU03,3,192
C025,SKU03,4,174
C025,SKU03,5,162
C025,SKU03,6,180
C025,SKU03,7,192
C025,SKU03,8,186
C025,SKU03,9,216
C025,SKU03,10,240
C025,SKU04,1,204
C025,SKU04,2,186
C025,SKU04,3,168
C025,SKU04,4,192
C025,SKU04,5,174
C025,SKU04,6,204
C025,SKU04,7,210
C025,SKU04,8,222
C025,SKU04,9,228
C025,SKU04,10,240
C025,SKU05,1,156
C025,SKU05,2,132
C025,SKU05,3,126
C025,SKU05,4,132
C025,SKU05,5,144
C025,SKU05,6,144
C025,SKU05,7,162
C025,SKU05,8,162
C025,SKU05,9,168
C025,SKU05,10,186
C025,SKU06,1,180
C025,SKU06,2,204
C025,SKU06,3,240
C025,SKU06,4,210
C025,SKU06,5,246
C025,SKU06,6,240
C025,SKU06,7,186
C025,SKU06,8,174
C025,SKU06,9,192
C025,SKU06,10,174
C025,SKU07,1,78
C025,SKU07,2,72
C025,SKU07,3,72
C025,SKU07,4,72
C025,SKU07,5,84
C025,SKU07,6,78
C025,SKU07,7,90
C025,SKU07,8,96
C025,SKU07,9,96
C025,SKU07,10,84
C025,SKU08,1,132
C025,SKU08,2,114
C025,SKU08,3,102
C025,SKU08,4,90
C025,SKU08,5,96
C025,SKU08,6,108
C025,SKU08,7,114
C025,SKU08,8,132
C025,SKU08,9,132
C025,SKU08,10,126
C025,SKU09,1,108
C025,SKU09,2,120
C025,SKU09,3,114
C025,SKU09,4,114
C025,SKU09,5,114
C025,SKU09,6,96
C025,SKU09,7,96
C025,SKU09,8,90
C025,SKU09,9,90
C025,SKU09,10,114
C025,SKU10,1,78
C025,SKU10,2,78
C025,SKU10,3,72
C025,SKU10,4,72
C025,SKU10,5,90
C025,SKU10,6,96
C025,SKU10,7,102
C025,SKU10,8,114
C025,SKU10,9,96
C025,SKU10,10,96
C025,SKU11,1,78
C025,SKU11,2,84
C025,SKU11,3,90
C025,SKU11,4,96
C025,SKU11,5,96
C025,SKU11,6,90
C025,SKU11,7,96
C025,SKU11,8,84
C025,SKU11,9,84
C025,SKU11,10,72
C025,SKU12,1,102
C025,SKU12,2,96
C025,SKU12,3,108
C025,SKU12,4,132
C025,SKU12,5,138
C025,SKU12,6,126
C025,SKU12,7,114
C025,SKU12,8,114
C025,SKU12,9,102
C025,SKU12,10,90
C025,SKU13,1,84
C025,SKU13,2,84
C025,SKU13,3,90
C025,SKU13,4,90
C025,SKU13,5,102
C025,SKU13,6,114
C025,SKU13,7,114
C025,SKU13,8,114
C025,SKU13,9,108
C025,SKU13,10,114
C025,SKU14,1,102
C025,SKU14,2,108
C025,SKU14,3,120
C025,SKU14,4,96
C025,SKU14,5,96
C025,SKU14,6,90
C025,SKU14,7,84
C025,SKU14,8,72
C025,SKU14,9,90
C025,SKU14,10,84
C025,SKU15,1,54
C025,SKU15,2,42
C025,SKU15,3,48
C025,SKU15,4,36
C025,SKU15,5,48
C025,SKU15,6,48
C025,SKU15,7,54
C025,SKU15,8,54
C025,SKU15,9,60
C025,SKU15,10,48
C025,SKU16,1,42
C025,SKU16,2,42
C025,SKU16,3,36
C025,SKU16,4,36
C025,SKU16,5,36
C025,SKU16,6,42
C025,SKU16,7,48
C025,SKU16,8,48
C025,SKU16,9,54
C025,SKU16,10,48
C025,SKU17,1,42
C025,SKU17,2,42
C025,SKU17,3,42
C025,SKU17,4,48
C025,SKU17,5,42
C025,SKU17,6,48
C025,SKU17,7,54
C025,SKU17,8,48
C025,SKU17,9,48
C025,SKU17,10,48
C025,SKU18,1,60
C025,SKU18,2,54
C025,SKU18,3,48
C025,SKU18,4,42
C025,SKU18,5,42
C025,SKU18,6,54
C025,SKU18,7,48
C025,SKU18,8,60
C025,SKU18,9,60
C025,SKU18,10,66
C025,SKU19,1,48
C025,SKU19,2,60
C025,SKU19,3,60
C025,SKU19,4,60
C025,SKU19,5,60
C025,SKU19,6,54
C025,SKU19,7,54
C025,SKU19,8,42
C025,SKU19,9,48
C025,SKU19,10,48
C025,SKU20,1,48
C025,SKU20,2,60
C025,SKU20,3,66
C025,SKU20,4,60
C025,SKU20,5,60
C025,SKU20,6,54
C025,SKU20,7,48
C025,SKU20,8,48
C025,SKU20,9,48
C025,SKU20,10,54
C026,SKU01,1,138
C026,SKU01,2,138
C026,SKU01,3,132
C026,SKU01,4,114
C026,SKU01,5,108
C026,SKU01,6,114
C026,SKU01,7,114
C026,SKU01,8,126
C026,SKU01,9,144
C026,SKU01,10,138
C026,SKU02,1,162
C026,SKU02,2,168
C026,SKU02,3,156
C026,SKU02,4,180
C026,SKU02,5,174
C026,SKU02,6,156
C026,SKU02,7,126
C026,SKU02,8,132
C026,SKU02,9,138
C026,SKU02,10,138
C026,SKU03,1,156
C026,SKU03,2,150
C026,SKU03,3,126
C026,SKU03,4,132
C026,SKU03,5,108
C026,SKU03,6,114
C026,SKU03,7,120
C026,SKU03,8,138
C026,SKU03,9,138
C026,SKU03,10,162
C026,SKU04,1,132
C026,SKU04,2,120
C026,SKU04,3,114
C026,SKU04,4,132
C026,SKU04,5,132
C026,SKU04,6,144
C026,SKU04,7,144
C026,SKU04,8,168
C026,SKU04,9,174
C026,SKU04,10,168
C026,SKU05,1,126
C026,SKU05,2,114
C026,SKU05,3,108
C026,SKU05,4,114
C026,SKU05,5,114
C026,SKU05,6,132
C026,SKU05,7,144
C026,SKU05,8,168
C026,SKU05,9,162
C026,SKU05,10,162
C026,SKU06,1,120
C026,SKU06,2,144
C026,SKU06,3,144
C026,SKU06,4,162
C026,SKU06,5,156
C026,SKU06,6,168
C026,SKU06,7,132
C026,SKU06,8,120
C026,SKU06,9,132
C026,SKU06,10,108
C026,SKU07,1,78
C026,SKU07,2,72
C026,SKU07,3,72
C026,SKU07,4,72
C026,SKU07,5,66
C026,SKU07,6,84
C026,SKU07,7,84
C026,SKU07,8,90
C026,SKU07,9,78
C026,SKU07,10,84
C026,SKU08,1,96
C026,SKU08,2,84
C026,SKU08,3,66
C026,SKU08,4,66
C026,SKU08,5,78
C026,SKU08,6,78
C026,SKU08,7,84
C026,SKU08,8,84
C026,SKU08,9,90
C026,SKU08,10,96
C026,SKU09,1,90
C026,SKU09,2,90
C026,SKU09,3,96
C026,SKU09,4,78
C026,SKU09,5,90
C026,SKU09,6,72
C026,SKU09,7,72
C026,SKU09,8,66
C026,SKU09,9,78
C026,SKU09,10,84
C026,SKU10,1,66
C026,SKU10,2,66
C026,SKU10,3,60
C026,SKU10,4,72
C026,SKU10,5,72
C026,SKU10,6,84
C026,SKU10,7,96
C026,SKU10,8,96
C026,SKU10,9,84
C026,SKU10,10,78
C026,SKU11,1,54
C026,SKU11,2,60
C026,SKU11,3,60
C026,SKU11,4,66
C026,SKU11,5,78
C026,SKU11,6,78
C026,SKU11,7,66
C026,SKU11,8,66
C026,SKU11,9,54
C026,SKU11,10,48
C026,SKU12,1,72
C026,SKU12,2,78
C026,SKU12,3,72
C026,SKU12,4,96
C026,SKU12,5,90
C026,SKU12,6,90
C026,SKU12,7,90
C026,SKU12,8,72
C026,SKU12,9,78
C026,SKU12,10,72
C026,SKU13,1,54
C026,SKU13,2,54
C026,SKU13,3,48
C026,SKU13,4,60
C026,SKU13,5,72
C026,SKU13,6,66
C026,SKU13,7,66
C026,SKU13,8,78
C026,SKU13,9,78
C026,SKU13,10,60
C026,SKU14,1,78
C026,SKU14,2,78
C026,SKU14,3,72
C026,SKU14,4,78
C026,SKU14,5,72
C026,SKU14,6,66
C026,SKU14,7,60
C026,SKU14,8,60
C026,SKU14,9,60
C026,SKU14,10,66
C026,SKU15,1,30
C026,SKU15,2,30
C026,SKU15,3,30
C026,SKU15,4,30
C026,SKU15,5,30
C026,SKU15,6,30
C026,SKU15,7,30
C026,SKU15,8,36
C026,SKU15,9,36
C026,SKU15,10,36
C026,SKU16,1,42
C026,SKU16,2,36
C026,SKU16,3,30
C026,SKU16,4,36
C026,SKU16,5,36
C026,SKU16,6,36
C026,SKU16,7,42
C026,SKU16,8,42
C026,SKU16,9,48
C026,SKU16,10,36
C026,SKU17,1,30
C026,SKU17,2,30
C026,SKU17,3,30
C026,SKU17,4,30
C026,SKU17,5,36
C026,SKU17,6,42
C026,SKU17,7,42
C026,SKU17,8,42
C026,SKU17,9,42
C026,SKU17,10,36
C026,SKU18,1,42
C026,SKU18,2,42
C026,SKU18,3,36
C026,SKU18,4,30
C026,SKU18,5,36
C026,SKU18,6,36
C026,SKU18,7,42
C026,SKU18,8,42
C026,SKU18,9,48
C026,SKU18,10,48
C026,SKU19,1,42
C026,SKU19,2,42
C026,SKU19,3,48
C026,SKU19,4,48
C026,SKU19,5,42
C026,SKU19,6,42
C026,SKU19,7,36
C026,SKU19,8,36
C026,SKU19,9,30
C026,SKU19,10,36
C026,SKU20,1,36
C026,SKU20,2,48
C026,SKU20,3,48
C026,SKU20,4,48
C026,SKU20,5,48
C026,SKU20,6,36
C026,SKU20,7,36
C026,SKU20,8,36
C026,SKU20,9,30
C026,SKU20,10,36
C027,SKU01,1,132
C027,SKU01,2,132
C027,SKU01,3,108
C027,SKU01,4,96
C027,SKU01,5,102
C027,SKU01,6,96
C027,SKU01,7,96
C027,SKU01,8,108
C027,SKU01,9,138
C027,SKU01,10,144
C027,SKU02,1,132
C027,SKU02,2,138
C027,SKU02,3,150
C027,SKU02,4,150
C027,SKU02,5,138
C027,SKU02,6,120
C027,SKU02,7,102
C027,SKU02,8,108
C027,SKU02,9,114
C027,SKU02,10,114
C027,SKU03,1,180
C027,SKU03,2,150
C027,SKU03,3,150
C027,SKU03,4,138
C027,SKU03,5,138
C027,SKU03,6,138
C027,SKU03,7,138
C027,SKU03,8,138
C027,SKU03,9,168
C027,SKU03,10,150
C027,SKU04,1,156
C027,SKU04,2,126
C027,SKU04,3,126
C027,SKU04,4,120
C027,SKU04,5,126
C027,SKU04,6,138
C027,SKU04,7,162
C027,SKU04,8,180
C027,SKU04,9,180
C027,SKU04,10,144
C027,SKU05,1,156
C027,SKU05,2,126
C027,SKU05,3,114
C027,SKU05,4,120
C027,SKU05,5,144
C027,SKU05,6,150
C027,SKU05,7,168
C027,SKU05,8,162
C027,SKU05,9,174
C027,SKU05,10,144
C027,SKU06,1,120
C027,SKU06,2,120
C027,SKU06,3,150
C027,SKU06,4,138
C027,SKU06,5,150
C027,SKU06,6,138
C027,SKU06,7,132
C027,SKU06,8,108
C027,SKU06,9,96
C027,SKU06,10,120
C027,SKU07,1,72
C027,SKU07,2,66
C027,SKU07,3,54
C027,SKU07,4,54
C027,SKU07,5,66
C027,SKU07,6,72
C027,SKU07,7,78
C027,SKU07,8,78
C027,SKU07,9,84
C027,SKU07,10,66
C027,SKU08,1,96
C027,SKU08,2,78
C027,SKU08,3,72
C027,SKU08,4,66
C027,SKU08,5,66
C027,SKU08,6,78
C027,SKU08,7,78
C027,SKU08,8,84
C027,SKU08,9,90
C027,SKU08,10,102
C027,SKU09,1,78
C027,SKU09,2,78
C027,SKU09,3,96
C027,SKU09,4,84
C027,SKU09,5,72
C027,SKU09,6,60
C027,SKU09,7,60
C027,SKU09,8,60
C027,SKU09,9,72
C027,SKU09,10,84
C027,SKU10,1,72
C027,SKU10,2,60
C027,SKU10,3,66
C027,SKU10,4,66
C027,SKU10,5,66
C027,SKU10,6,78
C027,SKU10,7,84
C027,SKU10,8,78
C027,SKU10,9,78
C027,SKU10,10,72
C027,SKU11,1,72
C027,SKU11,2,78
C027,SKU11,3,84
C027,SKU11,4,96
C027,SKU11,5,96
C027,SKU11,6,102
C027,SKU11,7,90
C027,SKU11,8,84
C027,SKU11,9,78
C027,SKU11,10,72
C027,SKU12,1,48
C027,SKU12,2,54
C027,SKU12,3,72
C027,SKU12,4,66
C027,SKU12,5,72
C027,SKU12,6,78
C027,SKU12,7,66
C027,SKU12,8,66
C027,SKU12,9,54
C027,SKU12,10,60
C027,SKU13,1,78
C027,SKU13,2,66
C027,SKU13,3,72
C027,SKU13,4,66
C027,SKU13,5,72
C027,SKU13,6,78
C027,SKU13,7,90
C027,SKU13,8,90
C027,SKU13,9,84
C027,SKU13,10,72
C027,SKU14,1,78
C027,SKU14,2,78
C027,SKU14,3,84
C027,SKU14,4,72
C027,SKU14,5,72
C027,SKU14,6,66
C027,SKU14,7,54
C027,SKU14,8,60
C027,SKU14,9,66
C027,SKU14,10,72
C027,SKU15,1,36
C027,SKU15,2,36
C027,SKU15,3,30
C027,SKU15,4,30
C027,SKU15,5,30
C027,SKU15,6,36
C027,SKU15,7,42
C027,SKU15,8,36
C027,SKU15,9,42
C027,SKU15,10,36
C027,SKU16,1,36
C027,SKU16,2,36
C027,SKU16,3,30
C027,SKU16,4,30
C027,SKU16,5,36
C027,SKU16,6,36
C027,SKU16,7,36
C027,SKU16,8,36
C027,SKU16,9,42
C027,SKU16,10,36
C027,SKU17,1,36
C027,SKU17,2,36
C027,SKU17,3,36
C027,SKU17,4,36
C027,SKU17,5,42
C027,SKU17,6,42
C027,SKU17,7,48
C027,SKU17,8,42
C027,SKU17,9,48
C027,SKU17,10,42
C027,SKU18,1,42
C027,SKU18,2,36
C027,SKU18,3,36
C027,SKU18,4,36
C027,SKU18,5,36
C027,SKU18,6,36
C027,SKU18,7,42
C027,SKU18,8,36
C027,SKU18,9,48
C027,SKU18,10,48
C027,SKU19,1,36
C027,SKU19,2,36
C027,SKU19,3,42
C027,SKU19,4,36
C027,SKU19,5,36
C027,SKU19,6,30
C027,SKU19,7,30
C027,SKU19,8,30
C027,SKU19,9,30
C027,SKU19,10,30
C027,SKU20,1,36
C027,SKU20,2,42
C027,SKU20,3,42
C027,SKU20,4,48
C027,SKU20,5,42
C027,SKU20,6,42
C027,SKU20,7,36
C027,SKU20,8,30
C027,SKU20,9,30
C027,SKU20,10,36
C028,SKU01,1,186
C028,SKU01,2,168
C028,SKU01,3,186
C028,SKU01,4,174
C028,SKU01,5,144
C028,SKU01,6,144
C028,SKU01,7,144
C028,SKU01,8,180
C028,SKU01,9,204
C028,SKU01,10,186
C028,SKU02,1,168
C028,SKU02,2,180
C028,SKU02,3,168
C028,SKU02,4,186
C028,SKU02,5,168
C028,SKU02,6,156
C028,SKU02,7,156
C028,SKU02,8,144
C028,SKU02,9,132
C028,SKU02,10,156
C028,SKU03,1,210
C028,SKU03,2,186
C028,SKU03,3,186
C028,SKU03,4,168
C028,SKU03,5,138
C028,SKU03,6,162
C028,SKU03,7,168
C028,SKU03,8,186
C028,SKU03,9,180
C028,SKU03,10,210
C028,SKU04,1,186
C028,SKU04,2,198
C028,SKU04,3,156
C028,SKU04,4,156
C028,SKU04,5,180
C028,SKU04,6,198
C028,SKU04,7,222
C028,SKU04,8,204
C028,SKU04,9,246
C028,SKU04,10,192
C028,SKU05,1,144
C028,SKU05,2,150
C028,SKU05,3,150
C028,SKU05,4,138
C028,SKU05,5,156
C028,SKU05,6,144
C028,SKU05,7,174
C028,SKU05,8,180
C028,SKU05,9,180
C028,SKU05,10,156
C028,SKU06,1,174
C028,SKU06,2,198
C028,SKU06,3,204
C028,SKU06,4,198
C028,SKU06,5,222
C028,SKU06,6,192
C028,SKU06,7,204
C028,SKU06,8,174
C028,SKU06,9,150
C028,SKU06,10,174
C028,SKU07,1,90
C028,SKU07,2,90
C028,SKU07,3,78
C028,SKU07,4,90
C028,SKU07,5,96
C028,SKU07,6,108
C028,SKU07,7,108
C028,SKU07,8,108
C028,SKU07,9,120
C028,SKU07,10,96
C028,SKU08,1,108
C028,SKU08,2,90
C028,SKU08,3,90
C028,SKU08,4,90
C028,SKU08,5,90
C028,SKU08,6,84
C028,SKU08,7,90
C028,SKU08,8,102
C028,SKU08,9,120
C028,SKU08,10,102
C028,SKU09,1,102
C028,SKU09,2,120
C028,SKU09,3,114
C028,SKU09,4,120
C028,SKU09,5,96
C028,SKU09,6,96
C028,SKU09,7,84
C028,SKU09,8,90
C028,SKU09,9,102
C028,SKU09,10,96
C028,SKU10,1,102
C028,SKU10,2,84
C028,SKU10,3,90
C028,SKU10,4,90
C028,SKU10,5,114
C028,SKU10,6,126
C028,SKU10,7,114
C028,SKU10,8,126
C028,SKU10,9,126
C028,SKU10,10,120
C028,SKU11,1,90
C028,SKU11,2,90
C028,SKU11,3,96
C028,SKU11,4,114
C028,SKU11,5,114
C028,SKU11,6,108
C028,SKU11,7,108
C028,SKU11,8,102
C028,SKU11,9,96
C028,SKU11,10,84
C028,SKU12,1,78
C028,SKU12,2,84
C028,SKU12,3,90
C028,SKU12,4,108
C028,SKU12,5,108
C028,SKU12,6,102
C028,SKU12,7,90
C028,SKU12,8,90
C028,SKU12,9,90
C028,SKU12,10,78
C028,SKU13,1,78
C028,SKU13,2,72
C028,SKU13,3,66
C028,SKU13,4,78
C028,SKU13,5,90
C028,SKU13,6,96
C028,SKU13,7,96
C028,SKU13,8,96
C028,SKU13,9,102
C028,SKU13,10,84
C028,SKU14,1,96
C028,SKU14,2,102
C028,SKU14,3,108
C028,SKU14,4,90
C028,SKU14,5,96
C028,SKU14,6,72
C028,SKU14,7,78
C028,SKU14,8,84
C028,SKU14,9,78
C028,SKU14,10,90
C028,SKU15,1,48
C028,SKU15,2,36
C028,SKU15,3,42
C028,SKU15,4,36
C028,SKU15,5,42
C028,SKU15,6,42
C028,SKU15,7,48
C028,SKU15,8,48
C028,SKU15,9,54
C028,SKU15,10,42
C028,SKU16,1,42
C028,SKU16,2,36
C028,SKU16,3,36
C028,SKU16,4,42
C028,SKU16,5,42
C028,SKU16,6,42
C028,SKU16,7,54
C028,SKU16,8,48
C028,SKU16,9,48
C028,SKU16,10,48
C028,SKU17,1,48
C028,SKU17,2,42
C028,SKU17,3,48
C028,SKU17,4,42
C028,SKU17,5,48
C028,SKU17,6,48
C028,SKU17,7,66
C028,SKU17,8,60
C028,SKU17,9,60
C028,SKU17,10,54
C028,SKU18,1,48
C028,SKU18,2,42
C028,SKU18,3,42
C028,SKU18,4,42
C028,SKU18,5,42
C028,SKU18,6,36
C028,SKU18,7,42
C028,SKU18,8,48
C028,SKU18,9,54
C028,SKU18,10,54
C028,SKU19,1,54
C028,SKU19,2,54
C028,SKU19,3,54
C028,SKU19,4,54
C028,SKU19,5,60
C028,SKU19,6,54
C028,SKU19,7,42
C028,SKU19,8,42
C028,SKU19,9,42
C028,SKU19,10,48
C028,SKU20,1,54
C028,SKU20,2,60
C028,SKU20,3,60
C028,SKU20,4,60
C028,SKU20,5,54
C028,SKU20,6,48
C028,SKU20,7,54
C028,SKU20,8,48
C028,SKU20,9,42
C028,SKU20,10,54
C029,SKU01,1,132
C029,SKU01,2,120
C029,SKU01,3,114
C029,SKU01,4,102
C029,SKU01,5,102
C029,SKU01,6,102
C029,SKU01,7,120
C029,SKU01,8,108
C029,SKU01,9,120
C029,SKU01,10,126
C029,SKU02,1,126
C029,SKU02,2,162
C029,SKU02,3,156
C029,SKU02,4,156
C029,SKU02,5,150
C029,SKU02,6,126
C029,SKU02,7,120
C029,SKU02,8,114
C029,SKU02,9,120
C029,SKU02,10,120
C029,SKU03,1,144
C029,SKU03,2,114
C029,SKU03,3,126
C029,SKU03,4,114
C029,SKU03,5,96
C029,SKU03,6,90
C029,SKU03,7,96
C029,SKU03,8,120
C029,SKU03,9,132
C029,SKU03,10,144
C029,SKU04,1,156
C029,SKU04,2,126
C029,SKU04,3,120
C029,SKU04,4,138
C029,SKU04,5,126
C029,SKU04,6,138
C029,SKU04,7,168
C029,SKU04,8,168
C029,SKU04,9,186
C029,SKU04,10,168
C029,SKU05,1,126
C029,SKU05,2,102
C029,SKU05,3,96
C029,SKU05,4,96
C029,SKU05,5,96
C029,SKU05,6,114
C029,SKU05,7,114
C029,SKU05,8,132
C029,SKU05,9,126
C029,SKU05,10,132
C029,SKU06,1,120
C029,SKU06,2,138
C029,SKU06,3,150
C029,SKU06,4,156
C029,SKU06,5,174
C029,SKU06,6,162
C029,SKU06,7,138
C029,SKU06,8,126
C029,SKU06,9,114
C029,SKU06,10,126
C029,SKU07,1,72
C029,SKU07,2,60
C029,SKU07,3,54
C029,SKU07,4,54
C029,SKU07,5,60
C029,SKU07,6,66
C029,SKU07,7,66
C029,SKU07,8,72
C029,SKU07,9,78
C029,SKU07,10,72
C029,SKU08,1,90
C029,SKU08,2,84
C029,SKU08,3,72
C029,SKU08,4,60
C029,SKU08,5,66
C029,SKU08,6,72
C029,SKU08,7,78
C029,SKU08,8,84
C029,SKU08,9,78
C029,SKU08,10,90
C029,SKU09,1,78
C029,SKU09,2,90
C029,SKU09,3,84
C029,SKU09,4,78
C029,SKU09,5,72
C029,SKU09,6,66
C029,SKU09,7,66
C029,SKU09,8,66
C029,SKU09,9,72
C029,SKU09,10,84
C029,SKU10,1,54
C029,SKU10,2,60
C029,SKU10,3,54
C029,SKU10,4,66
C029,SKU10,5,72
C029,SKU10,6,72
C029,SKU10,7,84
C029,SKU10,8,72
C029,SKU10,9,66
C029,SKU10,10,66
C029,SKU11,1,66
C029,SKU11,2,60
C029,SKU11,3,72
C029,SKU11,4,78
C029,SKU11,5,78
C029,SKU11,6,72
C029,SKU11,7,72
C029,SKU11,8,72
C029,SKU11,9,60
C029,SKU11,10,60
C029,SKU12,1,66
C029,SKU12,2,72
C029,SKU12,3,72
C029,SKU12,4,78
C029,SKU12,5,90
C029,SKU12,6,84
C029,SKU12,7,90
C029,SKU12,8,72
C029,SKU12,9,60
C029,SKU12,10,60
C029,SKU13,1,72
C029,SKU13,2,78
C029,SKU13,3,78
C029,SKU13,4,72
C029,SKU13,5,72
C029,SKU13,6,90
C029,SKU13,7,90
C029,SKU13,8,96
C029,SKU13,9,90
C029,SKU13,10,84
C029,SKU14,1,84
C029,SKU14,2,90
C029,SKU14,3,84
C029,SKU14,4,84
C029,SKU14,5,78
C029,SKU14,6,78
C029,SKU14,7,66
C029,SKU14,8,66
C029,SKU14,9,72
C029,SKU14,10,72
C029,SKU15,1,36
C029,SKU15,2,30
C029,SKU15,3,30
C029,SKU15,4,30
C029,SKU15,5,30
C029,SKU15,6,36
C029,SKU15,7,36
C029,SKU15,8,36
C029,SKU15,9,36
C029,SKU15,10,36
C029,SKU16,1,36
C029,SKU16,2,30
C029,SKU16,3,30
C029,SKU16,4,24
C029,SKU16,5,30
C029,SKU16,6,36
C029,SKU16,7,36
C029,SKU16,8,36
C029,SKU16,9,36
C029,SKU16,10,36
C029,SKU17,1,30
C029,SKU17,2,30
C029,SKU17,3,24
C029,SKU17,4,30
C029,SKU17,5,36
C029,SKU17,6,36
C029,SKU17,7,42
C029,SKU17,8,36
C029,SKU17,9,30
C029,SKU17,10,30
C029,SKU18,1,48
C029,SKU18,2,42
C029,SKU18,3,36
C029,SKU18,4,36
C029,SKU18,5,30
C029,SKU18,6,36
C029,SKU18,7,42
C029,SKU18,8,48
C029,SKU18,9,48
C029,SKU18,10,48
C029,SKU19,1,42
C029,SKU19,2,42
C029,SKU19,3,48
C029,SKU19,4,42
C029,SKU19,5,42
C029,SKU19,6,42
C029,SKU19,7,36
C029,SKU19,8,36
C029,SKU19,9,30
C029,SKU19,10,36
C029,SKU20,1,42
C029,SKU20,2,42
C029,SKU20,3,48
C029,SKU20,4,48
C029,SKU20,5,42
C029,SKU20,6,36
C029,SKU20,7,36
C029,SKU20,8,36
C029,SKU20,9,36
C029,SKU20,10,36
C030,SKU01,1,156
C030,SKU01,2,132
C030,SKU01,3,132
C030,SKU01,4,120
C030,SKU01,5,120
C030,SKU01,6,120
C030,SKU01,7,132
C030,SKU01,8,132
C030,SKU01,9,150
C030,SKU01,10,144
C030,SKU02,1,138
C030,SKU02,2,144
C030,SKU02,3,162
C030,SKU02,4,138
C030,SKU02,5,138
C030,SKU02,6,126
C030,SKU02,7,114
C030,SKU02,8,120
C030,SKU02,9,114
C030,SKU02,10,126
C030,SKU03,1,150
C030,SKU03,2,120
C030,SKU03,3,132
C030,SKU03,4,108
C030,SKU03,5,102
C030,SKU03,6,102
C030,SKU03,7,120
C030,SKU03,8,108
C030,SKU03,9,126
C030,SKU03,10,150
C030,SKU04,1,120
C030,SKU04,2,114
C030,SKU04,3,108
C030,SKU04,4,120
C030,SKU04,5,120
C030,SKU04,6,126
C030,SKU04,7,150
C030,SKU04,8,144
C030,SKU04,9,132
C030,SKU04,10,132
C030,SKU05,1,120
C030,SKU05,2,126
C030,SKU05,3,114
C030,SKU05,4,108
C030,SKU05,5,120
C030,SKU05,6,138
C030,SKU05,7,156
C030,SKU05,8,162
C030,SKU05,9,150
C030,SKU05,10,150
C030,SKU06,1,126
C030,SKU06,2,126
C030,SKU06,3,138
C030,SKU06,4,156
C030,SKU06,5,144
C030,SKU06,6,132
C030,SKU06,7,138
C030,SKU06,8,114
C030,SKU06,9,120
C030,SKU06,10,114
C030,SKU07,1,84
C030,SKU07,2,66
C030,SKU07,3,72
C030,SKU07,4,78
C030,SKU07,5,84
C030,SKU07,6,78
C030,SKU07,7,84
C030,SKU07,8,102
C030,SKU07,9,90
C030,SKU07,10,90
C030,SKU08,1,72
C030,SKU08,2,66
C030,SKU08,3,60
C030,SKU08,4,60
C030,SKU08,5,66
C030,SKU08,6,60
C030,SKU08,7,72
C030,SKU08,8,72
C030,SKU08,9,78
C030,SKU08,10,72
C030,SKU09,1,96
C030,SKU09,2,96
C030,SKU09,3,102
C030,SKU09,4,90
C030,SKU09,5,90
C030,SKU09,6,78
C030,SKU09,7,78
C030,SKU09,8,72
C030,SKU09,9,66
C030,SKU09,10,84
C030,SKU10,1,60
C030,SKU10,2,54
C030,SKU10,3,54
C030,SKU10,4,54
C030,SKU10,5,60
C030,SKU10,6,72
C030,SKU10,7,78
C030,SKU10,8,72
C030,SKU10,9,66
C030,SKU10,10,66
C030,SKU11,1,60
C030,SKU11,2,66
C030,SKU11,3,72
C030,SKU11,4,90
C030,SKU11,5,78
C030,SKU11,6,84
C030,SKU11,7,72
C030,SKU11,8,72
C030,SKU11,9,72
C030,SKU11,10,60
C030,SKU12,1,54
C030,SKU12,2,54
C030,SKU12,3,60
C030,SKU12,4,72
C030,SKU12,5,78
C030,SKU12,6,78
C030,SKU12,7,72
C030,SKU12,8,66
C030,SKU12,9,54
C030,SKU12,10,60
C030,SKU13,1,78
C030,SKU13,2,66
C030,SKU13,3,66
C030,SKU13,4,78
C030,SKU13,5,84
C030,SKU13,6,96
C030,SKU13,7,84
C030,SKU13,8,84
C030,SKU13,9,84
C030,SKU13,10,84
C030,SKU14,1,66
C030,SKU14,2,84
C030,SKU14,3,66
C030,SKU14,4,78
C030,SKU14,5,66
C030,SKU14,6,66
C030,SKU14,7,54
C030,SKU14,8,60
C030,SKU14,9,66
C030,SKU14,10,60
C030,SKU15,1,30
C030,SKU15,2,30
C030,SKU15,3,30
C030,SKU15,4,24
C030,SKU15,5,30
C030,SKU15,6,30
C030,SKU15,7,36
C030,SKU15,8,42
C030,SKU15,9,36
C030,SKU15,10,36
C030,SKU16,1,30
C030,SKU16,2,30
C030,SKU16,3,24
C030,SKU16,4,24
C030,SKU16,5,30
C030,SKU16,6,30
C030,SKU16,7,36
C030,SKU16,8,30
C030,SKU16,9,36
C030,SKU16,10,36
C030,SKU17,1,30
C030,SKU17,2,30
C030,SKU17,3,30
C030,SKU17,4,30
C030,SKU17,5,36
C030,SKU17,6,36
C030,SKU17,7,42
C030,SKU17,8,36
C030,SKU17,9,36
C030,SKU17,10,36
C030,SKU18,1,36
C030,SKU18,2,36
C030,SKU18,3,36
C030,SKU18,4,30
C030,SKU18,5,30
C030,SKU18,6,36
C030,SKU18,7,36
C030,SKU18,8,42
C030,SKU18,9,48
C030,SKU18,10,42
C030,SKU19,1,36
C030,SKU19,2,42
C030,SKU19,3,42
C030,SKU19,4,42
C030,SKU19,5,36
C030,SKU19,6,36
C030,SKU19,7,30
C030,SKU19,8,30
C030,SKU19,9,24
C030,SKU19,10,30
C030,SKU20,1,36
C030,SKU20,2,42
C030,SKU20,3,42
C030,SKU20,4,48
C030,SKU20,5,42
C030,SKU20,6,36
C030,SKU20,7,30
C030,SKU20,8,30
C030,SKU20,9,36
C030,SKU20,10,36
C031,SKU01,1,210
C031,SKU01,2,192
C031,SKU01,3,192
C031,SKU01,4,162
C031,SKU01,5,144
C031,SKU01,6,144
C031,SKU01,7,168
C031,SKU01,8,198
C031,SKU01,9,186
C031,SKU01,10,222
C031,SKU02,1,180
C031,SKU02,2,192
C031,SKU02,3,204
C031,SKU02,4,228
C031,SKU02,5,198
C031,SKU02,6,186
C031,SKU02,7,174
C031,SKU02,8,174
C031,SKU02,9,150
C031,SKU02,10,174
C031,SKU03,1,204
C031,SKU03,2,204
C031,SKU03,3,168
C031,SKU03,4,174
C031,SKU03,5,156
C031,SKU03,6,156
C031,SKU03,7,168
C031,SKU03,8,174
C031,SKU03,9,180
C031,SKU03,10,210
C031,SKU04,1,186
C031,SKU04,2,156
C031,SKU04,3,168
C031,SKU04,4,156
C031,SKU04,5,150
C031,SKU04,6,180
C031,SKU04,7,204
C031,SKU04,8,216
C031,SKU04,9,204
C031,SKU04,10,210
C031,SKU05,1,162
C031,SKU05,2,162
C031,SKU05,3,156
C031,SKU05,4,150
C031,SKU05,5,162
C031,SKU05,6,150
C031,SKU05,7,192
C031,SKU05,8,180
C031,SKU05,9,180
C031,SKU05,10,168
C031,SKU06,1,150
C031,SKU06,2,168
C031,SKU06,3,174
C031,SKU06,4,192
C031,SKU06,5,204
C031,SKU06,6,186
C031,SKU06,7,168
C031,SKU06,8,168
C031,SKU06,9,162
C031,SKU06,10,156
C031,SKU07,1,96
C031,SKU07,2,78
C031,SKU07,3,72
C031,SKU07,4,78
C031,SKU07,5,90
C031,SKU07,6,90
C031,SKU07,7,90
C031,SKU07,8,96
C031,SKU07,9,114
C031,SKU07,10,102
C031,SKU08,1,102
C031,SKU08,2,90
C031,SKU08,3,84
C031,SKU08,4,72
C031,SKU08,5,84
C031,SKU08,6,78
C031,SKU08,7,96
C031,SKU08,8,90
C031,SKU08,9,102
C031,SKU08,10,102
C031,SKU09,1,96
C031,SKU09,2,120
C031,SKU09,3,108
C031,SKU09,4,108
C031,SKU09,5,102
C031,SKU09,6,90
C031,SKU09,7,90
C031,SKU09,8,90
C031,SKU09,9,90
C031,SKU09,10,102
C031,SKU10,1,84
C031,SKU10,2,84
C031,SKU10,3,78
C031,SKU10,4,78
C031,SKU10,5,90
C031,SKU10,6,108
C031,SKU10,7,114
C031,SKU10,8,108
C031,SKU10,9,102
C031,SKU10,10,96
C031,SKU11,1,72
C031,SKU11,2,84
C031,SKU11,3,90
C031,SKU11,4,102
C031,SKU11,5,96
C031,SKU11,6,90
C031,SKU11,7,90
C031,SKU11,8,78
C031,SKU11,9,72
C031,SKU11,10,78
C031,SKU12,1,78
C031,SKU12,2,78
C031,SKU12,3,84
C031,SKU12,4,84
C031,SKU12,5,96
C031,SKU12,6,90
C031,SKU12,7,102
C031,SKU12,8,90
C031,SKU12,9,78
C031,SKU12,10,66
C031,SKU13,1,96
C031,SKU13,2,90
C031,SKU13,3,96
C031,SKU13,4,108
C031,SKU13,5,96
C031,SKU13,6,114
C031,SKU13,7,138
C031,SKU13,8,120
C031,SKU13,9,108
C031,SKU13,10,114
C031,SKU14,1,114
C031,SKU14,2,138
C031,SKU14,3,126
C031,SKU14,4,108
C031,SKU14,5,120
C031,SKU14,6,96
C031,SKU14,7,90
C031,SKU14,8,96
C031,SKU14,9,96
C031,SKU14,10,96
C031,SKU15,1,42
C031,SKU15,2,42
C031,SKU15,3,36
C031,SKU15,4,36
C031,SKU15,5,36
C031,SKU15,6,42
C031,SKU15,7,42
C031,SKU15,8,42
C031,SKU15,9,48
C031,SKU15,10,48
C031,SKU16,1,60
C031,SKU16,2,48
C031,SKU16,3,48
C031,SKU16,4,48
C031,SKU16,5,48
C031,SKU16,6,60
C031,SKU16,7,60
C031,SKU16,8,60
C031,SKU16,9,60
C031,SKU16,10,54
C031,SKU17,1,48
C031,SKU17,2,48
C031,SKU17,3,42
C031,SKU17,4,48
C031,SKU17,5,54
C031,SKU17,6,54
C031,SKU17,7,60
C031,SKU17,8,60
C031,SKU17,9,60
C031,SKU17,10,54
C031,SKU18,1,60
C031,SKU18,2,54
C031,SKU18,3,54
C031,SKU18,4,42
C031,SKU18,5,42
C031,SKU18,6,48
C031,SKU18,7,54
C031,SKU18,8,54
C031,SKU18,9,66
C031,SKU18,10,60
C031,SKU19,1,42
C031,SKU19,2,42
C031,SKU19,3,48
C031,SKU19,4,48
C031,SKU19,5,48
C031,SKU19,6,42
C031,SKU19,7,42
C031,SKU19,8,36
C031,SKU19,9,36
C031,SKU19,10,36
C031,SKU20,1,48
C031,SKU20,2,48
C031,SKU20,3,48
C031,SKU20,4,54
C031,SKU20,5,48
C031,SKU20,6,42
C031,SKU20,7,42
C031,SKU20,8,42
C031,SKU20,9,42
C031,SKU20,10,42
C032,SKU01,1,150
C032,SKU01,2,156
C032,SKU01,3,144
C032,SKU01,4,114
C032,SKU01,5,120
C032,SKU01,6,108
C032,SKU01,7,114
C032,SKU01,8,138
C032,SKU01,9,138
C032,SKU01,10,162
C032,SKU02,1,114
C032,SKU02,2,138
C032,SKU02,3,144
C032,SKU02,4,126
C032,SKU02,5,120
C032,SKU02,6,120
C032,SKU02,7,96
C032,SKU02,8,108
C032,SKU02,9,108
C032,SKU02,10,96
C032,SKU03,1,120
C032,SKU03,2,138
C032,SKU03,3,108
C032,SKU03,4,102
C032,SKU03,5,102
C032,SKU03,6,102
C032,SKU03,7,96
C032,SKU03,8,108
C032,SKU03,9,138
C032,SKU03,10,144
C032,SKU04,1,132
C032,SKU04,2,126
C032,SKU04,3,126
C032,SKU04,4,120
C032,SKU04,5,144
C032,SKU04,6,144
C032,SKU04,7,144
C032,SKU04,8,174
C032,SKU04,9,180
C032,SKU04,10,144
C032,SKU05,1,126
C032,SKU05,2,120
C032,SKU05,3,108
C032,SKU05,4,114
C032,SKU05,5,132
C032,SKU05,6,132
C032,SKU05,7,132
C032,SKU05,8,156
C032,SKU05,9,150
C032,SKU05,10,156
C032,SKU06,1,108
C032,SKU06,2,120
C032,SKU06,3,150
C032,SKU06,4,138
C032,SKU06,5,156
C032,SKU06,6,132
C032,SKU06,7,126
C032,SKU06,8,120
C032,SKU06,9,120
C032,SKU06,10,120
C032,SKU07,1,66
C032,SKU07,2,54
C032,SKU07,3,54
C032,SKU07,4,54
C032,SKU07,5,66
C032,SKU07,6,72
C032,SKU07,7,72
C032,SKU07,8,72
C032,SKU07,9,78
C032,SKU07,10,78
C032,SKU08,1,66
C032,SKU08,2,60
C032,SKU08,3,54
C032,SKU08,4,48
C032,SKU08,5,48
C032,SKU08,6,60
C032,SKU08,7,60
C032,SKU08,8,60
C032,SKU08,9,66
C032,SKU08,10,72
C032,SKU09,1,84
C032,SKU09,2,90
C032,SKU09,3,102
C032,SKU09,4,84
C032,SKU09,5,78
C032,SKU09,6,72
C032,SKU09,7,66
C032,SKU09,8,66
C032,SKU09,9,78
C032,SKU09,10,84
C032,SKU10,1,72
C032,SKU10,2,54
C032,SKU10,3,54
C032,SKU10,4,66
C032,SKU10,5,72
C032,SKU10,6,72
C032,SKU10,7,78
C032,SKU10,8,84
C032,SKU10,9,78
C032,SKU10,10,72
C032,SKU11,1,54
C032,SKU11,2,60
C032,SKU11,3,66
C032,SKU11,4,78
C032,SKU11,5,78
C032,SKU11,6,72
C032,SKU11,7,78
C032,SKU11,8,66
C032,SKU11,9,60
C032,SKU11,10,60
C032,SKU12,1,72
C032,SKU12,2,66
C032,SKU12,3,78
C032,SKU12,4,90
C032,SKU12,5,84
C032,SKU12,6,84
C032,SKU12,7,96
C032,SKU12,8,72
C032,SKU12,9,78
C032,SKU12,10,66
C032,SKU13,1,60
C032,SKU13,2,66
C032,SKU13,3,60
C032,SKU13,4,66
C032,SKU13,5,72
C032,SKU13,6,78
C032,SKU13,7,90
C032,SKU13,8,84
C032,SKU13,9,78
C032,SKU13,10,78
C032,SKU14,1,78
C032,SKU14,2,78
C032,SKU14,3,90
C032,SKU14,4,78
C032,SKU14,5,78
C032,SKU14,6,66
C032,SKU14,7,60
C032,SKU14,8,66
C032,SKU14,9,60
C032,SKU14,10,72
C032,SKU15,1,36
C032,SKU15,2,36
C032,SKU15,3,36
C032,SKU15,4,30
C032,SKU15,5,30
C032,SKU15,6,36
C032,SKU15,7,42
C032,SKU15,8,48
C032,SKU15,9,42
C032,SKU15,10,42
C032,SKU16,1,36
C032,SKU16,2,30
C032,SKU16,3,30
C032,SKU16,4,24
C032,SKU16,5,36
C032,SKU16,6,30
C032,SKU16,7,36
C032,SKU16,8,36
C032,SKU16,9,42
C032,SKU16,10,36
C032,SKU17,1,36
C032,SKU17,2,30
C032,SKU17,3,36
C032,SKU17,4,30
C032,SKU17,5,36
C032,SKU17,6,42
C032,SKU17,7,48
C032,SKU17,8,42
C032,SKU17,9,42
C032,SKU17,10,36
C032,SKU18,1,30
C032,SKU18,2,30
C032,SKU18,3,24
C032,SKU18,4,30
C032,SKU18,5,24
C032,SKU18,6,24
C032,SKU18,7,30
C032,SKU18,8,36
C032,SKU18,9,36
C032,SKU18,10,30
C032,SKU19,1,36
C032,SKU19,2,36
C032,SKU19,3,42
C032,SKU19,4,42
C032,SKU19,5,42
C032,SKU19,6,36
C032,SKU19,7,30
C032,SKU19,8,24
C032,SKU19,9,30
C032,SKU19,10,30
C032,SKU20,1,36
C032,SKU20,2,36
C032,SKU20,3,36
C032,SKU20,4,36
C032,SKU20,5,36
C032,SKU20,6,36
C032,SKU20,7,30
C032,SKU20,8,30
C032,SKU20,9,30
C032,SKU20,10,30
C033,SKU01,1,162
C033,SKU01,2,162
C033,SKU01,3,132
C033,SKU01,4,144
C033,SKU01,5,120
C033,SKU01,6,126
C033,SKU01,7,120
C033,SKU01,8,132
C033,SKU01,9,156
C033,SKU01,10,174
C033,SKU02,1,144
C033,SKU02,2,144
C033,SKU02,3,150
C033,SKU02,4,138
C033,SKU02,5,156
C033,SKU02,6,126
C033,SKU02,7,132
C033,SKU02,8,126
C033,SKU02,9,126
C033,SKU02,10,120
C033,SKU03,1,168
C033,SKU03,2,138
C033,SKU03,3,144
C033,SKU03,4,114
C033,SKU03,5,120
C033,SKU03,6,108
C033,SKU03,7,120
C033,SKU03,8,138
C033,SKU03,9,150
C033,SKU03,10,162
C033,SKU04,1,114
C033,SKU04,2,96
C033,SKU04,3,102
C033,SKU04,4,102
C033,SKU04,5,108
C033,SKU04,6,120
C033,SKU04,7,120
C033,SKU04,8,138
C033,SKU04,9,132
C033,SKU04,10,126
C033,SKU05,1,126
C033,SKU05,2,132
C033,SKU05,3,120
C033,SKU05,4,114
C033,SKU05,5,114
C033,SKU05,6,126
C033,SKU05,7,162
C033,SKU05,8,162
C033,SKU05,9,144
C033,SKU05,10,144
C033,SKU06,1,132
C033,SKU06,2,126
C033,SKU06,3,138
C033,SKU06,4,168
C033,SKU06,5,138
C033,SKU06,6,138
C033,SKU06,7,150
C033,SKU06,8,126
C033,SKU06,9,108
C033,SKU06,10,108
C033,SKU07,1,60
C033,SKU07,2,60
C033,SKU07,3,54
C033,SKU07,4,54
C033,SKU07,5,60
C033,SKU07,6,60
C033,SKU07,7,66
C033,SKU07,8,72
C033,SKU07,9,78
C033,SKU07,10,72
C033,SKU08,1,72
C033,SKU08,2,66
C033,SKU08,3,60
C033,SKU08,4,48
C033,SKU08,5,54
C033,SKU08,6,60
C033,SKU08,7,60
C033,SKU08,8,66
C033,SKU08,9,66
C033,SKU08,10,66
C033,SKU09,1,78
C033,SKU09,2,72
C033,SKU09,3,78
C033,SKU09,4,78
C033,SKU09,5,66
C033,SKU09,6,60
C033,SKU09,7,60
C033,SKU09,8,60
C033,SKU09,9,66
C033,SKU09,10,72
C033,SKU10,1,66
C033,SKU10,2,48
C033,SKU10,3,60
C033,SKU10,4,54
C033,SKU10,5,72
C033,SKU10,6,72
C033,SKU10,7,78
C033,SKU10,8,66
C033,SKU10,9,66
C033,SKU10,10,66
C033,SKU11,1,60
C033,SKU11,2,78
C033,SKU11,3,84
C033,SKU11,4,78
C033,SKU11,5,96
C033,SKU11,6,90
C033,SKU11,7,84
C033,SKU11,8,72
C033,SKU11,9,72
C033,SKU11,10,72
C033,SKU12,1,60
C033,SKU12,2,66
C033,SKU12,3,72
C033,SKU12,4,72
C033,SKU12,5,84
C033,SKU12,6,78
C033,SKU12,7,72
C033,SKU12,8,66
C033,SKU12,9,66
C033,SKU12,10,66
C033,SKU13,1,66
C033,SKU13,2,54
C033,SKU13,3,60
C033,SKU13,4,72
C033,SKU13,5,72
C033,SKU13,6,72
C033,SKU13,7,78
C033,SKU13,8,78
C033,SKU13,9,72
C033,SKU13,10,72
C033,SKU14,1,78
C033,SKU14,2,96
C033,SKU14,3,90
C033,SKU14,4,84
C033,SKU14,5,78
C033,SKU14,6,72
C033,SKU14,7,66
C033,SKU14,8,66
C033,SKU14,9,72
C033,SKU14,10,72
C033,SKU15,1,42
C033,SKU15,2,36
C033,SKU15,3,36
C033,SKU15,4,36
C033,SKU15,5,42
C033,SKU15,6,36
C033,SKU15,7,42
C033,SKU15,8,48
C033,SKU15,9,42
C033,SKU15,10,48
C033,SKU16,1,30
C033,SKU16,2,30
C033,SKU16,3,30
C033,SKU16,4,30
C033,SKU16,5,30
C033,SKU16,6,30
C033,SKU16,7,36
C033,SKU16,8,36
C033,SKU16,9,36
C033,SKU16,10,36
C033,SKU17,1,36
C033,SKU17,2,36
C033,SKU17,3,36
C033,SKU17,4,36
C033,SKU17,5,36
C033,SKU17,6,36
C033,SKU17,7,42
C033,SKU17,8,48
C033,SKU17,9,42
C033,SKU17,10,42
C033,SKU18,1,36
C033,SKU18,2,30
C033,SKU18,3,24
C033,SKU18,4,24
C033,SKU18,5,24
C033,SKU18,6,30
C033,SKU18,7,30
C033,SKU18,8,36
C033,SKU18,9,36
C033,SKU18,10,42
C033,SKU19,1,36
C033,SKU19,2,42
C033,SKU19,3,48
C033,SKU19,4,42
C033,SKU19,5,42
C033,SKU19,6,36
C033,SKU19,7,30
C033,SKU19,8,36
C033,SKU19,9,36
C033,SKU19,10,30
C033,SKU20,1,42
C033,SKU20,2,48
C033,SKU20,3,42
C033,SKU20,4,48
C033,SKU20,5,42
C033,SKU20,6,42
C033,SKU20,7,30
C033,SKU20,8,30
C033,SKU20,9,36
C033,SKU20,10,36
C034,SKU01,1,180
C034,SKU01,2,186
C034,SKU01,3,150
C034,SKU01,4,162
C034,SKU01,5,132
C034,SKU01,6,132
C034,SKU01,7,150
C034,SKU01,8,162
C034,SKU01,9,174
C034,SKU01,10,180
C034,SKU02,1,210
C034,SKU02,2,198
C034,SKU02,3,228
C034,SKU02,4,252
C034,SKU02,5,210
C034,SKU02,6,186
C034,SKU02,7,192
C034,SKU02,8,180
C034,SKU02,9,174
C034,SKU02,10,168
C034,SKU03,1,186
C034,SKU03,2,162
C034,SKU03,3,162
C034,SKU03,4,144
C034,SKU03,5,132
C034,SKU03,6,150
C034,SKU03,7,156
C034,SKU03,8,168
C034,SKU03,9,156
C034,SKU03,10,168
C034,SKU04,1,168
C034,SKU04,2,180
C034,SKU04,3,144
C034,SKU04,4,150
C034,SKU04,5,156
C034,SKU04,6,180
C034,SKU04,7,180
C034,SKU04,8,198
C034,SKU04,9,192
C034,SKU04,10,210
C034,SKU05,1,168
C034,SKU05,2,150
C034,SKU05,3,126
C034,SKU05,4,138
C034,SKU05,5,126
C034,SKU05,6,168
C034,SKU05,7,168
C034,SKU05,8,168
C034,SKU05,9,168
C034,SKU05,10,150
C034,SKU06,1,168
C034,SKU06,2,210
C034,SKU06,3,222
C034,SKU06,4,252
C034,SKU06,5,222
C034,SKU06,6,222
C034,SKU06,7,204
C034,SKU06,8,192
C034,SKU06,9,162
C034,SKU06,10,162
C034,SKU07,1,96
C034,SKU07,2,78
C034,SKU07,3,78
C034,SKU07,4,72
C034,SKU07,5,84
C034,SKU07,6,96
C034,SKU07,7,96
C034,SKU07,8,96
C034,SKU07,9,96
C034,SKU07,10,90
C034,SKU08,1,102
C034,SKU08,2,90
C034,SKU08,3,90
C034,SKU08,4,78
C034,SKU08,5,78
C034,SKU08,6,84
C034,SKU08,7,90
C034,SKU08,8,96
C034,SKU08,9,102
C034,SKU08,10,102
C034,SKU09,1,120
C034,SKU09,2,114
C034,SKU09,3,108
C034,SKU09,4,114
C034,SKU09,5,102
C034,SKU09,6,90
C034,SKU09,7,96
C034,SKU09,8,96
C034,SKU09,9,102
C034,SKU09,10,96
C034,SKU10,1,102
C034,SKU10,2,90
C034,SKU10,3,96
C034,SKU10,4,108
C034,SKU10,5,108
C034,SKU10,6,114
C034,SKU10,7,126
C034,SKU10,8,126
C034,SKU10,9,108
C034,SKU10,10,114
C034,SKU11,1,90
C034,SKU11,2,84
C034,SKU11,3,102
C034,SKU11,4,102
C034,SKU11,5,108
C034,SKU11,6,120
C034,SKU11,7,108
C034,SKU11,8,102
C034,SKU11,9,84
C034,SKU11,10,84
C034,SKU12,1,84
C034,SKU12,2,78
C034,SKU12,3,90
C034,SKU12,4,90
C034,SKU12,5,90
C034,SKU12,6,108
C034,SKU12,7,90
C034,SKU12,8,84
C034,SKU12,9,84
C034,SKU12,10,66
C034,SKU13,1,96
C034,SKU13,2,90
C034,SKU13,3,84
C034,SKU13,4,90
C034,SKU13,5,114
C034,SKU13,6,120
C034,SKU13,7,114
C034,SKU13,8,108
C034,SKU13,9,120
C034,SKU13,10,108
C034,SKU14,1,102
C034,SKU14,2,102
C034,SKU14,3,114
C034,SKU14,4,114
C034,SKU14,5,90
C034,SKU14,6,90
C034,SKU14,7,78
C034,SKU14,8,78
C034,SKU14,9,84
C034,SKU14,10,102
C034,SKU15,1,48
C034,SKU15,2,42
C034,SKU15,3,36
C034,SKU15,4,36
C034,SKU15,5,48
C034,SKU15,6,48
C034,SKU15,7,54
C034,SKU15,8,54
C034,SKU15,9,54
C034,SKU15,10,54
C034,SKU16,1,42
C034,SKU16,2,42
C034,SKU16,3,42
C034,SKU16,4,42
C034,SKU16,5,42
C034,SKU16,6,48
C034,SKU16,7,48
C034,SKU16,8,48
C034,SKU16,9,48
C034,SKU16,10,54
C034,SKU17,1,36
C034,SKU17,2,36
C034,SKU17,3,36
C034,SKU17,4,42
C034,SKU17,5,42
C034,SKU17,6,42
C034,SKU17,7,54
C034,SKU17,8,48
C034,SKU17,9,48
C034,SKU17,10,42
C034,SKU18,1,48
C034,SKU18,2,42
C034,SKU18,3,42
C034,SKU18,4,36
C034,SKU18,5,36
C034,SKU18,6,42
C034,SKU18,7,48
C034,SKU18,8,54
C034,SKU18,9,54
C034,SKU18,10,48
C034,SKU19,1,42
C034,SKU19,2,48
C034,SKU19,3,48
C034,SKU19,4,54
C034,SKU19,5,48
C034,SKU19,6,42
C034,SKU19,7,42
C034,SKU19,8,42
C034,SKU19,9,42
C034,SKU19,10,42
C034,SKU20,1,48
C034,SKU20,2,48
C034,SKU20,3,54
C034,SKU20,4,54
C034,SKU20,5,48
C034,SKU20,6,48
C034,SKU20,7,42
C034,SKU20,8,36
C034,SKU20,9,42
C034,SKU20,10,42
C035,SKU01,1,132
C035,SKU01,2,138
C035,SKU01,3,126
C035,SKU01,4,114
C035,SKU01,5,114
C035,SKU01,6,108
C035,SKU01,7,126
C035,SKU01,8,126
C035,SKU01,9,144
C035,SKU01,10,132
C035,SKU02,1,126
C035,SKU02,2,144
C035,SKU02,3,156
C035,SKU02,4,132
C035,SKU02,5,126
C035,SKU02,6,138
C035,SKU02,7,108
C035,SKU02,8,114
C035,SKU02,9,108
C035,SKU02,10,126
C035,SKU03,1,126
C035,SKU03,2,126
C035,SKU03,3,126
C035,SKU03,4,108
C035,SKU03,5,96
C035,SKU03,6,102
C035,SKU03,7,114
C035,SKU03,8,126
C035,SKU03,9,138
C035,SKU03,10,120
C035,SKU04,1,120
C035,SKU04,2,114
C035,SKU04,3,96
C035,SKU04,4,96
C035,SKU04,5,114
C035,SKU04,6,108
C035,SKU04,7,126
C035,SKU04,8,132
C035,SKU04,9,132
C035,SKU04,10,132
C035,SKU05,1,132
C035,SKU05,2,120
C035,SKU05,3,108
C035,SKU05,4,114
C035,SKU05,5,108
C035,SKU05,6,114
C035,SKU05,7,126
C035,SKU05,8,138
C035,SKU05,9,144
C035,SKU05,10,144
C035,SKU06,1,138
C035,SKU06,2,138
C035,SKU06,3,150
C035,SKU06,4,156
C035,SKU06,5,150
C035,SKU06,6,138
C035,SKU06,7,144
C035,SKU06,8,138
C035,SKU06,9,114
C035,SKU06,10,108
C035,SKU07,1,72
C035,SKU07,2,78
C035,SKU07,3,72
C035,SKU07,4,72
C035,SKU07,5,72
C035,SKU07,6,78
C035,SKU07,7,84
C035,SKU07,8,90
C035,SKU07,9,90
C035,SKU07,10,78
C035,SKU08,1,78
C035,SKU08,2,78
C035,SKU08,3,66
C035,SKU08,4,66
C035,SKU08,5,60
C035,SKU08,6,66
C035,SKU08,7,72
C035,SKU08,8,84
C035,SKU08,9,90
C035,SKU08,10,78
C035,SKU09,1,78
C035,SKU09,2,90
C035,SKU09,3,90
C035,SKU09,4,78
C035,SKU09,5,84
C035,SKU09,6,66
C035,SKU09,7,66
C035,SKU09,8,66
C035,SKU09,9,78
C035,SKU09,10,84
C035,SKU10,1,72
C035,SKU10,2,66
C035,SKU10,3,60
C035,SKU10,4,66
C035,SKU10,5,78
C035,SKU10,6,84
C035,SKU10,7,84
C035,SKU10,8,90
C035,SKU10,9,84
C035,SKU10,10,72
C035,SKU11,1,60
C035,SKU11,2,60
C035,SKU11,3,72
C035,SKU11,4,66
C035,SKU11,5,84
C035,SKU11,6,72
C035,SKU11,7,66
C035,SKU11,8,72
C035,SKU11,9,54
C035,SKU11,10,60
C035,SKU12,1,54
C035,SKU12,2,66
C035,SKU12,3,60
C035,SKU12,4,72
C035,SKU12,5,72
C035,SKU12,6,78
C035,SKU12,7,66
C035,SKU12,8,60
C035,SKU12,9,60
C035,SKU12,10,54
C035,SKU13,1,72
C035,SKU13,2,66
C035,SKU13,3,66
C035,SKU13,4,72
C035,SKU13,5,84
C035,SKU13,6,96
C035,SKU13,7,90
C035,SKU13,8,96
C035,SKU13,9,90
C035,SKU13,10,78
C035,SKU14,1,84
C035,SKU14,2,90
C035,SKU14,3,96
C035,SKU14,4,84
C035,SKU14,5,84
C035,SKU14,6,72
C035,SKU14,7,66
C035,SKU14,8,66
C035,SKU14,9,66
C035,SKU14,10,84
C035,SKU15,1,36
C035,SKU15,2,36
C035,SKU15,3,36
C035,SKU15,4,30
C035,SKU15,5,30
C035,SKU15,6,36
C035,SKU15,7,42
C035,SKU15,8,42
C035,SKU15,9,42
C035,SKU15,10,36
C035,SKU16,1,36
C035,SKU16,2,30
C035,SKU16,3,30
C035,SKU16,4,36
C035,SKU16,5,30
C035,SKU16,6,36
C035,SKU16,7,36
C035,SKU16,8,48
C035,SKU16,9,48
C035,SKU16,10,42
C035,SKU17,1,36
C035,SKU17,2,30
C035,SKU17,3,36
C035,SKU17,4,30
C035,SKU17,5,42
C035,SKU17,6,42
C035,SKU17,7,42
C035,SKU17,8,42
C035,SKU17,9,42
C035,SKU17,10,42
C035,SKU18,1,42
C035,SKU18,2,36
C035,SKU18,3,36
C035,SKU18,4,36
C035,SKU18,5,36
C035,SKU18,6,36
C035,SKU18,7,36
C035,SKU18,8,42
C035,SKU18,9,48
C035,SKU18,10,48
C035,SKU19,1,30
C035,SKU19,2,36
C035,SKU19,3,36
C035,SKU19,4,36
C035,SKU19,5,36
C035,SKU19,6,30
C035,SKU19,7,30
C035,SKU19,8,30
C035,SKU19,9,24
C035,SKU19,10,30
C035,SKU20,1,36
C035,SKU20,2,48
C035,SKU20,3,42
C035,SKU20,4,48
C035,SKU20,5,48
C035,SKU20,6,42
C035,SKU20,7,36
C035,SKU20,8,36
C035,SKU20,9,30
C035,SKU20,10,36
